{"type":"Feature","properties":{"source":"https://services6.arcgis.com/sROlVM0rATIYgC6a/arcgis/rest/services/l_12_geomorfologia_del_modulo_ecuatoriano/FeatureServer/0","indicator_id":211,"simplify_tolerance_deg":0.0005,"area_ha":13140864.9,"generated_at":"2026-09-30T16:48:41Z"},"geometry":{"type":"Polygon","coordinates":[[[-79.114167,-4.39],[-79.114167,-4.3875],[-79.1125,-4.386667],[-79.111667,-4.383333],[-79.109167,-4.381667],[-79.109167,-4.378101],[-79.11,-4.3775],[-79.11,-4.3675],[-79.109167,-4.3675],[-79.109167,-4.365833],[-79.1075,-4.365833],[-79.1075,-4.358333],[-79.109167,-4.358333],[-79.109167,-4.355833],[-79.110833,-4.355],[-79.110833,-4.351667],[-79.111667,-4.351667],[-79.111667,-4.345],[-79.113333,-4.345],[-79.113333,-4.341667],[-79.114167,-4.341667],[-79.114167,-4.34],[-79.1125,-4.34],[-79.111667,-4.338333],[-79.109167,-4.336667],[-79.109167,-4.334167],[-79.108333,-4.334167],[-79.108333,-4.333333],[-79.11,-4.3325],[-79.110833,-4.329167],[-79.1125,-4.328333],[-79.1125,-4.325],[-79.111667,-4.325],[-79.111667,-4.324167],[-79.113333,-4.324167],[-79.113333,-4.3225],[-79.1125,-4.3225],[-79.1125,-4.319167],[-79.115833,-4.316667],[-79.115833,-4.315833],[-79.116667,-4.315833],[-79.116667,-4.314167],[-79.1175,-4.314167],[-79.1175,-4.313333],[-79.119167,-4.313333],[-79.119167,-4.311667],[-79.12,-4.311667],[-79.12,-4.3075],[-79.119167,-4.3075],[-79.119167,-4.305833],[-79.116667,-4.304167],[-79.116667,-4.303333],[-79.115,-4.303333],[-79.115,-4.3025],[-79.113333,-4.301667],[-79.113333,-4.3],[-79.1125,-4.3],[-79.1125,-4.296667],[-79.111667,-4.296667],[-79.110833,-4.295],[-79.109167,-4.295],[-79.109167,-4.293333],[-79.1075,-4.2925],[-79.106667,-4.289167],[-79.105833,-4.289167],[-79.105833,-4.2875],[-79.105,-4.2875],[-79.105833,-4.285833],[-79.106667,-4.285833],[-79.1075,-4.28],[-79.109167,-4.28],[-79.11,-4.278333],[-79.111667,-4.2775],[-79.111667,-4.270833],[-79.114167,-4.269167],[-79.114167,-4.266667],[-79.113333,-4.266667],[-79.113333,-4.265833],[-79.109167,-4.265833],[-79.109167,-4.265],[-79.1075,-4.265],[-79.1075,-4.2625],[-79.105833,-4.261667],[-79.105833,-4.26],[-79.105,-4.26],[-79.105,-4.2525],[-79.104167,-4.2525],[-79.104167,-4.251667],[-79.106667,-4.25],[-79.105,-4.240833],[-79.106667,-4.24],[-79.106667,-4.235],[-79.1075,-4.235],[-79.1075,-4.233333],[-79.106667,-4.233333],[-79.106667,-4.2275],[-79.1075,-4.2275],[-79.1075,-4.225833],[-79.108333,-4.225833],[-79.108333,-4.223333],[-79.1075,-4.223333],[-79.1075,-4.221667],[-79.106667,-4.221667],[-79.106667,-4.219167],[-79.105833,-4.219167],[-79.105833,-4.218333],[-79.104167,-4.2175],[-79.104167,-4.215833],[-79.1025,-4.215],[-79.1025,-4.2125],[-79.1,-4.210833],[-79.1,-4.208333],[-79.100833,-4.208333],[-79.100833,-4.2075],[-79.105833,-4.206667],[-79.105833,-4.2025],[-79.105,-4.2025],[-79.105,-4.195833],[-79.104167,-4.195833],[-79.104167,-4.194167],[-79.105,-4.194167],[-79.105,-4.190833],[-79.105833,-4.190833],[-79.105833,-4.189167],[-79.106667,-4.189167],[-79.1075,-4.184167],[-79.108333,-4.184167],[-79.108333,-4.183333],[-79.11,-4.183333],[-79.110833,-4.181667],[-79.1125,-4.181667],[-79.1125,-4.180833],[-79.115,-4.180833],[-79.115,-4.18],[-79.116667,-4.179167],[-79.1175,-4.1775],[-79.121667,-4.176667],[-79.121667,-4.174167],[-79.123333,-4.174167],[-79.123333,-4.171667],[-79.124167,-4.171667],[-79.124167,-4.168333],[-79.125833,-4.1675],[-79.125833,-4.166667],[-79.1275,-4.166667],[-79.129167,-4.164167],[-79.1325,-4.163333],[-79.1325,-4.161667],[-79.133333,-4.161667],[-79.133333,-4.160833],[-79.136667,-4.160833],[-79.136667,-4.161667],[-79.139167,-4.161667],[-79.139167,-4.1625],[-79.140833,-4.163333],[-79.140833,-4.1625],[-79.145833,-4.161667],[-79.145833,-4.160833],[-79.1475,-4.160833],[-79.1475,-4.16],[-79.150833,-4.16],[-79.150833,-4.158333],[-79.1525,-4.1575],[-79.154167,-4.155],[-79.155833,-4.155],[-79.155833,-4.154167],[-79.1575,-4.154167],[-79.1575,-4.153333],[-79.158333,-4.153333],[-79.158333,-4.1525],[-79.1575,-4.1525],[-79.1575,-4.150833],[-79.156667,-4.150833],[-79.156667,-4.15],[-79.1575,-4.15],[-79.1575,-4.146667],[-79.156667,-4.146667],[-79.1575,-4.14],[-79.156667,-4.14],[-79.156667,-4.138333],[-79.158333,-4.1375],[-79.158333,-4.135833],[-79.159167,-4.135833],[-79.16,-4.134167],[-79.159167,-4.134167],[-79.159167,-4.130833],[-79.1575,-4.13],[-79.1575,-4.128333],[-79.156667,-4.128333],[-79.156667,-4.1275],[-79.158333,-4.126667],[-79.158333,-4.120833],[-79.159167,-4.120833],[-79.159167,-4.119167],[-79.160833,-4.118333],[-79.160833,-4.115],[-79.161667,-4.115],[-79.161667,-4.114167],[-79.1625,-4.114167],[-79.1625,-4.115],[-79.165833,-4.115],[-79.165833,-4.114167],[-79.1675,-4.114167],[-79.168333,-4.1125],[-79.17,-4.1125],[-79.17,-4.111667],[-79.173333,-4.111667],[-79.173333,-4.110833],[-79.174167,-4.110833],[-79.174167,-4.111667],[-79.176667,-4.111667],[-79.1775,-4.11],[-79.179167,-4.11],[-79.179167,-4.108333],[-79.184167,-4.108333],[-79.184167,-4.1075],[-79.186667,-4.1075],[-79.186667,-4.106667],[-79.189167,-4.105],[-79.189167,-4.104167],[-79.19,-4.104167],[-79.190833,-4.1025],[-79.191667,-4.1025],[-79.191667,-4.101667],[-79.193333,-4.101667],[-79.194167,-4.096667],[-79.195,-4.096667],[-79.195,-4.095],[-79.195833,-4.095],[-79.195833,-4.090833],[-79.200833,-4.0875],[-79.200833,-4.084167],[-79.201667,-4.084167],[-79.201667,-4.083333],[-79.205833,-4.083333],[-79.205833,-4.0825],[-79.206667,-4.0825],[-79.2075,-4.079167],[-79.21,-4.079167],[-79.210833,-4.080833],[-79.2125,-4.080833],[-79.213333,-4.0825],[-79.219167,-4.0825],[-79.219167,-4.085],[-79.2225,-4.085],[-79.223333,-4.083333],[-79.225833,-4.083333],[-79.225833,-4.0775],[-79.225,-4.0775],[-79.225,-4.074167],[-79.225833,-4.074167],[-79.225833,-4.070833],[-79.225,-4.070833],[-79.225,-4.069167],[-79.225833,-4.069167],[-79.225833,-4.068333],[-79.224167,-4.0675],[-79.224167,-4.063333],[-79.225,-4.063333],[-79.225,-4.061667],[-79.225833,-4.061667],[-79.225833,-4.06],[-79.2275,-4.06],[-79.2275,-4.059167],[-79.228333,-4.059167],[-79.228333,-4.058333],[-79.23,-4.0575],[-79.23,-4.055833],[-79.231667,-4.055833],[-79.231667,-4.055],[-79.230833,-4.055],[-79.230833,-4.05],[-79.231667,-4.05],[-79.2325,-4.045833],[-79.234167,-4.045],[-79.234167,-4.043333],[-79.235,-4.043333],[-79.235,-4.038333],[-79.236667,-4.0375],[-79.2375,-4.034167],[-79.238333,-4.034167],[-79.24,-4.031667],[-79.243333,-4.031667],[-79.243333,-4.025],[-79.244167,-4.025],[-79.244167,-4.024167],[-79.245833,-4.024167],[-79.2475,-4.021667],[-79.249167,-4.021667],[-79.25,-4.02],[-79.251667,-4.019167],[-79.253333,-4.016667],[-79.254167,-4.016667],[-79.255,-4.0125],[-79.255833,-4.0125],[-79.255833,-4.010833],[-79.256667,-4.010833],[-79.256667,-4.003333],[-79.258333,-4.0025],[-79.258333,-3.998333],[-79.259167,-3.998333],[-79.259167,-3.996667],[-79.26,-3.996667],[-79.26,-3.991667],[-79.260833,-3.991667],[-79.260833,-3.990833],[-79.263333,-3.990833],[-79.263333,-3.989167],[-79.266667,-3.989167],[-79.266667,-3.988333],[-79.268333,-3.988333],[-79.268333,-3.9875],[-79.269167,-3.9875],[-79.268333,-3.981667],[-79.2675,-3.981667],[-79.2675,-3.980833],[-79.265,-3.980833],[-79.265,-3.971667],[-79.265833,-3.971667],[-79.265833,-3.968333],[-79.266667,-3.968333],[-79.266667,-3.9625],[-79.2675,-3.9625],[-79.2675,-3.961667],[-79.269167,-3.961667],[-79.269167,-3.958333],[-79.270833,-3.9575],[-79.270833,-3.955],[-79.269167,-3.954167],[-79.269167,-3.95],[-79.268333,-3.95],[-79.268333,-3.948333],[-79.2675,-3.948333],[-79.2675,-3.9475],[-79.265833,-3.9475],[-79.265833,-3.943333],[-79.265,-3.943333],[-79.265833,-3.936667],[-79.264167,-3.936667],[-79.264167,-3.934167],[-79.263333,-3.934167],[-79.263333,-3.931667],[-79.265,-3.930833],[-79.265,-3.928333],[-79.265833,-3.928333],[-79.265833,-3.925833],[-79.266667,-3.925833],[-79.266667,-3.925],[-79.268333,-3.925],[-79.268333,-3.923333],[-79.2675,-3.923333],[-79.2675,-3.921667],[-79.265833,-3.921667],[-79.265833,-3.92],[-79.264167,-3.919167],[-79.264167,-3.918333],[-79.2625,-3.918333],[-79.2625,-3.916667],[-79.261667,-3.916667],[-79.261667,-3.91],[-79.2625,-3.91],[-79.2625,-3.906667],[-79.261667,-3.906667],[-79.261667,-3.904167],[-79.260833,-3.904167],[-79.260833,-3.903333],[-79.261667,-3.903333],[-79.261667,-3.900833],[-79.263333,-3.9],[-79.263333,-3.898333],[-79.2625,-3.898333],[-79.2625,-3.896667],[-79.261667,-3.896667],[-79.261667,-3.893333],[-79.2625,-3.893333],[-79.2625,-3.891667],[-79.263333,-3.891667],[-79.263333,-3.885833],[-79.261667,-3.885],[-79.2625,-3.881667],[-79.260833,-3.880833],[-79.26,-3.876667],[-79.261667,-3.876667],[-79.261667,-3.875833],[-79.263333,-3.875833],[-79.263333,-3.875],[-79.264167,-3.875],[-79.264167,-3.87],[-79.265833,-3.87],[-79.266667,-3.864167],[-79.273333,-3.865],[-79.273333,-3.865833],[-79.275,-3.866667],[-79.275833,-3.865],[-79.2775,-3.865],[-79.2775,-3.863333],[-79.278333,-3.863333],[-79.278333,-3.8625],[-79.28,-3.8625],[-79.28,-3.861667],[-79.280833,-3.861667],[-79.280833,-3.86],[-79.283333,-3.86],[-79.283333,-3.859167],[-79.285,-3.859167],[-79.285,-3.858333],[-79.285833,-3.858333],[-79.285833,-3.8525],[-79.2875,-3.8525],[-79.2875,-3.851667],[-79.288333,-3.851667],[-79.288333,-3.85],[-79.289167,-3.85],[-79.29,-3.848333],[-79.295833,-3.849167],[-79.295833,-3.848333],[-79.296667,-3.848333],[-79.296667,-3.845833],[-79.299167,-3.844167],[-79.3,-3.840833],[-79.301667,-3.840833],[-79.3025,-3.839167],[-79.305833,-3.838333],[-79.306667,-3.836667],[-79.310833,-3.835833],[-79.310833,-3.834167],[-79.311667,-3.834167],[-79.311667,-3.830833],[-79.3125,-3.830833],[-79.3125,-3.825833],[-79.313333,-3.825833],[-79.313333,-3.824167],[-79.314167,-3.824167],[-79.314167,-3.820833],[-79.315,-3.820833],[-79.315,-3.815833],[-79.315833,-3.815833],[-79.315833,-3.815],[-79.315,-3.815],[-79.315,-3.811667],[-79.315833,-3.811667],[-79.315833,-3.81],[-79.3175,-3.81],[-79.318333,-3.808333],[-79.319167,-3.808333],[-79.32,-3.801667],[-79.320833,-3.801667],[-79.320833,-3.800833],[-79.325,-3.800833],[-79.325833,-3.799167],[-79.331667,-3.798333],[-79.331667,-3.7975],[-79.333333,-3.796667],[-79.333333,-3.79],[-79.3325,-3.79],[-79.3325,-3.7875],[-79.333333,-3.7875],[-79.333333,-3.785],[-79.334167,-3.785],[-79.334167,-3.7825],[-79.333333,-3.7825],[-79.333333,-3.781667],[-79.334167,-3.781667],[-79.334167,-3.780833],[-79.335833,-3.780833],[-79.3375,-3.778333],[-79.339167,-3.778333],[-79.339167,-3.7775],[-79.338333,-3.7775],[-79.338333,-3.7725],[-79.339167,-3.7725],[-79.34,-3.770833],[-79.341667,-3.77],[-79.341667,-3.768333],[-79.3425,-3.768333],[-79.341667,-3.765],[-79.340833,-3.765],[-79.340833,-3.758333],[-79.341667,-3.758333],[-79.341667,-3.756667],[-79.343333,-3.755833],[-79.344167,-3.754167],[-79.345,-3.754167],[-79.345,-3.750833],[-79.346667,-3.75],[-79.346667,-3.7475],[-79.348333,-3.746667],[-79.348333,-3.745],[-79.3475,-3.745],[-79.3475,-3.736667],[-79.346667,-3.736667],[-79.346667,-3.735],[-79.345,-3.734167],[-79.345,-3.7325],[-79.34,-3.7325],[-79.34,-3.731667],[-79.338333,-3.731667],[-79.338333,-3.730833],[-79.3375,-3.730833],[-79.3375,-3.729167],[-79.336667,-3.729167],[-79.336667,-3.728333],[-79.335,-3.728333],[-79.335,-3.7275],[-79.334167,-3.7275],[-79.334167,-3.7225],[-79.333333,-3.7225],[-79.333333,-3.721667],[-79.3325,-3.721667],[-79.3325,-3.72],[-79.330833,-3.719167],[-79.330833,-3.718333],[-79.329167,-3.718333],[-79.328333,-3.716667],[-79.324167,-3.715833],[-79.324167,-3.716667],[-79.3225,-3.716667],[-79.3225,-3.7175],[-79.319167,-3.718333],[-79.319167,-3.72],[-79.316667,-3.72],[-79.316667,-3.719167],[-79.315833,-3.719167],[-79.315833,-3.7175],[-79.315,-3.7175],[-79.315,-3.715833],[-79.311667,-3.715833],[-79.311667,-3.715],[-79.31,-3.714167],[-79.31,-3.711667],[-79.308333,-3.711667],[-79.308333,-3.71],[-79.3075,-3.71],[-79.3075,-3.706667],[-79.308333,-3.706667],[-79.308333,-3.705833],[-79.3075,-3.705833],[-79.3075,-3.7],[-79.306667,-3.7],[-79.306667,-3.698333],[-79.305,-3.6975],[-79.305,-3.696667],[-79.3025,-3.696667],[-79.3025,-3.695833],[-79.300833,-3.695833],[-79.3,-3.694167],[-79.298333,-3.694167],[-79.298333,-3.693333],[-79.2975,-3.693333],[-79.2975,-3.691667],[-79.294167,-3.691667],[-79.293333,-3.688333],[-79.2925,-3.688333],[-79.291667,-3.686667],[-79.29,-3.686667],[-79.29,-3.685833],[-79.288333,-3.685833],[-79.288333,-3.685],[-79.2875,-3.685],[-79.2875,-3.685833],[-79.284167,-3.685833],[-79.284167,-3.686667],[-79.283333,-3.686667],[-79.283333,-3.688333],[-79.279167,-3.688333],[-79.279167,-3.689167],[-79.2775,-3.689167],[-79.2775,-3.6875],[-79.276667,-3.6875],[-79.276667,-3.686667],[-79.273333,-3.686667],[-79.273333,-3.685833],[-79.271667,-3.685],[-79.271667,-3.6825],[-79.270833,-3.6825],[-79.269167,-3.68],[-79.268333,-3.68],[-79.268333,-3.678333],[-79.263333,-3.678333],[-79.263333,-3.6775],[-79.261667,-3.676667],[-79.261667,-3.673333],[-79.260833,-3.673333],[-79.260833,-3.671667],[-79.255,-3.671667],[-79.255,-3.6725],[-79.2525,-3.6725],[-79.2525,-3.673333],[-79.251667,-3.673333],[-79.251667,-3.675],[-79.250833,-3.675],[-79.250833,-3.679167],[-79.248333,-3.679167],[-79.248333,-3.680833],[-79.246667,-3.680833],[-79.246667,-3.6825],[-79.239167,-3.6825],[-79.238333,-3.680833],[-79.2375,-3.680833],[-79.2375,-3.679167],[-79.231667,-3.679167],[-79.231667,-3.680833],[-79.230833,-3.680833],[-79.230833,-3.685833],[-79.23,-3.685833],[-79.23,-3.686667],[-79.228333,-3.686667],[-79.228333,-3.6875],[-79.226667,-3.6875],[-79.226667,-3.689167],[-79.224167,-3.690833],[-79.224167,-3.6925],[-79.220833,-3.6925],[-79.219167,-3.695],[-79.218333,-3.695],[-79.218333,-3.696667],[-79.2175,-3.696667],[-79.2175,-3.6975],[-79.218333,-3.6975],[-79.218333,-3.699167],[-79.219167,-3.699167],[-79.219167,-3.701667],[-79.22,-3.701667],[-79.22,-3.705833],[-79.220833,-3.705833],[-79.220833,-3.706667],[-79.22,-3.706667],[-79.22,-3.709167],[-79.219167,-3.709167],[-79.219167,-3.710833],[-79.218333,-3.710833],[-79.218333,-3.711667],[-79.215,-3.711667],[-79.215,-3.710833],[-79.214167,-3.710833],[-79.214167,-3.709167],[-79.213333,-3.709167],[-79.213333,-3.7075],[-79.21,-3.7075],[-79.21,-3.706667],[-79.204167,-3.7075],[-79.204167,-3.708333],[-79.203333,-3.708333],[-79.203333,-3.71],[-79.200833,-3.71],[-79.200833,-3.710833],[-79.2,-3.710833],[-79.2,-3.7125],[-79.199167,-3.7125],[-79.199167,-3.715833],[-79.2,-3.715833],[-79.199167,-3.719167],[-79.195,-3.719167],[-79.195,-3.720833],[-79.194167,-3.720833],[-79.194167,-3.721667],[-79.193333,-3.721667],[-79.1925,-3.72],[-79.188333,-3.72],[-79.1875,-3.718333],[-79.185833,-3.718333],[-79.185,-3.716667],[-79.183333,-3.716667],[-79.183333,-3.714167],[-79.178333,-3.714167],[-79.176667,-3.710833],[-79.174167,-3.710833],[-79.174167,-3.711667],[-79.171667,-3.711667],[-79.171667,-3.7125],[-79.168333,-3.7125],[-79.168333,-3.713333],[-79.166667,-3.713333],[-79.166667,-3.714167],[-79.1625,-3.715],[-79.1625,-3.715833],[-79.161667,-3.715833],[-79.161667,-3.715],[-79.160833,-3.715],[-79.160833,-3.7075],[-79.16,-3.7075],[-79.16,-3.705833],[-79.159167,-3.705833],[-79.159167,-3.705],[-79.156667,-3.705],[-79.156667,-3.700833],[-79.1575,-3.700833],[-79.1575,-3.698333],[-79.155833,-3.6975],[-79.155,-3.695833],[-79.154167,-3.695833],[-79.154167,-3.685833],[-79.155,-3.685833],[-79.155,-3.684167],[-79.155833,-3.684167],[-79.155833,-3.683333],[-79.1575,-3.683333],[-79.156667,-3.678333],[-79.155833,-3.678333],[-79.155833,-3.676667],[-79.1575,-3.676667],[-79.1575,-3.674167],[-79.156667,-3.674167],[-79.156667,-3.6625],[-79.1575,-3.6625],[-79.1575,-3.660833],[-79.156667,-3.660833],[-79.156667,-3.661667],[-79.154167,-3.661667],[-79.154167,-3.660833],[-79.150833,-3.660833],[-79.150833,-3.66],[-79.1475,-3.66],[-79.1475,-3.659167],[-79.145833,-3.659167],[-79.145833,-3.66],[-79.145,-3.66],[-79.145,-3.664167],[-79.144167,-3.664167],[-79.144167,-3.665],[-79.14,-3.665],[-79.14,-3.664167],[-79.139167,-3.664167],[-79.139167,-3.6625],[-79.138333,-3.6625],[-79.138333,-3.661667],[-79.135833,-3.661667],[-79.135,-3.66],[-79.134167,-3.66],[-79.134167,-3.660833],[-79.130833,-3.660833],[-79.130833,-3.66],[-79.13,-3.66],[-79.13,-3.656667],[-79.125,-3.656667],[-79.124167,-3.655],[-79.120833,-3.655],[-79.120833,-3.654167],[-79.119167,-3.653333],[-79.119167,-3.651667],[-79.1175,-3.650833],[-79.1175,-3.649167],[-79.114167,-3.649167],[-79.114167,-3.648333],[-79.110833,-3.648333],[-79.110833,-3.6475],[-79.105,-3.6475],[-79.105,-3.645],[-79.104167,-3.645],[-79.104167,-3.644167],[-79.105833,-3.644167],[-79.106667,-3.639167],[-79.109167,-3.639167],[-79.109167,-3.636667],[-79.11,-3.636667],[-79.11,-3.6325],[-79.1075,-3.6325],[-79.1075,-3.63],[-79.105,-3.63],[-79.103333,-3.6275],[-79.098333,-3.6275],[-79.098333,-3.625833],[-79.096667,-3.625833],[-79.096667,-3.624167],[-79.090833,-3.625],[-79.090833,-3.625833],[-79.080833,-3.625833],[-79.080833,-3.624167],[-79.081667,-3.624167],[-79.081667,-3.6175],[-79.0825,-3.6175],[-79.081667,-3.615833],[-79.078333,-3.615833],[-79.078333,-3.614167],[-79.076667,-3.614167],[-79.076667,-3.613333],[-79.075,-3.6125],[-79.075,-3.613333],[-79.073333,-3.613333],[-79.073333,-3.614167],[-79.0725,-3.614167],[-79.0725,-3.615833],[-79.070833,-3.616667],[-79.070833,-3.6175],[-79.0675,-3.6175],[-79.0675,-3.616667],[-79.066667,-3.616667],[-79.066667,-3.613333],[-79.065833,-3.613333],[-79.065833,-3.611667],[-79.061667,-3.610833],[-79.061667,-3.61],[-79.058333,-3.61],[-79.058333,-3.606667],[-79.0575,-3.606667],[-79.0575,-3.605],[-79.059167,-3.605],[-79.059167,-3.604167],[-79.06,-3.604167],[-79.06,-3.6025],[-79.059167,-3.6025],[-79.059167,-3.601667],[-79.0575,-3.601667],[-79.056667,-3.6],[-79.055833,-3.6],[-79.055833,-3.598333],[-79.053333,-3.598333],[-79.053333,-3.5975],[-79.0525,-3.5975],[-79.0525,-3.595833],[-79.054167,-3.595],[-79.054167,-3.593333],[-79.055,-3.593333],[-79.055,-3.5925],[-79.054167,-3.5925],[-79.054167,-3.589167],[-79.0525,-3.589167],[-79.0525,-3.5875],[-79.051667,-3.5875],[-79.051667,-3.583333],[-79.050833,-3.583333],[-79.050833,-3.581667],[-79.049167,-3.581667],[-79.049167,-3.580833],[-79.05,-3.580833],[-79.05,-3.579167],[-79.0475,-3.579167],[-79.0475,-3.58],[-79.046667,-3.58],[-79.045833,-3.578333],[-79.045,-3.578333],[-79.045,-3.576667],[-79.045833,-3.576667],[-79.045833,-3.573333],[-79.046667,-3.573333],[-79.046667,-3.5725],[-79.0475,-3.5725],[-79.0475,-3.573333],[-79.049167,-3.5725],[-79.049167,-3.574167],[-79.054167,-3.574167],[-79.054167,-3.573333],[-79.053333,-3.573333],[-79.053333,-3.571667],[-79.054167,-3.571667],[-79.054167,-3.568333],[-79.053333,-3.568333],[-79.053333,-3.566667],[-79.05,-3.565833],[-79.05,-3.565],[-79.050833,-3.565],[-79.050833,-3.564167],[-79.05,-3.564167],[-79.05,-3.556667],[-79.048333,-3.556667],[-79.048333,-3.554167],[-79.0475,-3.554167],[-79.0475,-3.5525],[-79.045833,-3.551667],[-79.045833,-3.55],[-79.0475,-3.549167],[-79.0475,-3.548333],[-79.050833,-3.5475],[-79.050833,-3.5425],[-79.054167,-3.5425],[-79.055,-3.538333],[-79.055833,-3.538333],[-79.055833,-3.536667],[-79.056667,-3.536667],[-79.056667,-3.53],[-79.0575,-3.53],[-79.0575,-3.528333],[-79.059167,-3.528333],[-79.059167,-3.5275],[-79.06,-3.5275],[-79.06,-3.525833],[-79.060833,-3.525833],[-79.06,-3.52],[-79.060833,-3.52],[-79.060833,-3.519167],[-79.0625,-3.519167],[-79.0625,-3.516667],[-79.063333,-3.516667],[-79.063333,-3.515833],[-79.0675,-3.515],[-79.0675,-3.511667],[-79.066667,-3.511667],[-79.066667,-3.51],[-79.065833,-3.51],[-79.065833,-3.501667],[-79.065,-3.501667],[-79.065,-3.500833],[-79.060833,-3.500833],[-79.059167,-3.498333],[-79.058333,-3.498333],[-79.058333,-3.4975],[-79.056667,-3.496667],[-79.055833,-3.491667],[-79.055,-3.491667],[-79.054167,-3.488333],[-79.0525,-3.4875],[-79.0525,-3.485833],[-79.048333,-3.485],[-79.048333,-3.483333],[-79.0475,-3.483333],[-79.0475,-3.4825],[-79.044167,-3.4825],[-79.044167,-3.478333],[-79.045,-3.478333],[-79.045,-3.4775],[-79.043333,-3.4775],[-79.0425,-3.471667],[-79.043333,-3.471667],[-79.043333,-3.469167],[-79.0475,-3.468333],[-79.0475,-3.464167],[-79.048333,-3.464167],[-79.048333,-3.461667],[-79.053333,-3.461667],[-79.053333,-3.460833],[-79.054167,-3.460833],[-79.054167,-3.459167],[-79.055833,-3.458333],[-79.055833,-3.454167],[-79.054167,-3.454167],[-79.054167,-3.448333],[-79.055,-3.448333],[-79.055,-3.446667],[-79.055833,-3.446667],[-79.055833,-3.444167],[-79.056667,-3.444167],[-79.0575,-3.4425],[-79.058333,-3.4425],[-79.058333,-3.440833],[-79.059167,-3.440833],[-79.059167,-3.435833],[-79.06,-3.435833],[-79.06,-3.435],[-79.064167,-3.434167],[-79.063333,-3.4325],[-79.059167,-3.4325],[-79.059167,-3.429167],[-79.06,-3.429167],[-79.06,-3.4275],[-79.061667,-3.426667],[-79.061667,-3.424167],[-79.06,-3.424167],[-79.06,-3.425],[-79.059167,-3.425],[-79.058333,-3.423333],[-79.056667,-3.4225],[-79.056667,-3.419167],[-79.055833,-3.419167],[-79.055833,-3.4175],[-79.053333,-3.415833],[-79.053333,-3.414167],[-79.050833,-3.4125],[-79.050833,-3.410833],[-79.049167,-3.41],[-79.049167,-3.4075],[-79.05,-3.4075],[-79.05,-3.406667],[-79.051667,-3.406667],[-79.051667,-3.405],[-79.0525,-3.405],[-79.0525,-3.4025],[-79.050833,-3.4025],[-79.050833,-3.401667],[-79.05,-3.401667],[-79.05,-3.398333],[-79.048333,-3.398333],[-79.048333,-3.3975],[-79.046667,-3.3975],[-79.046667,-3.396667],[-79.045,-3.396667],[-79.045,-3.394167],[-79.043333,-3.393333],[-79.043333,-3.3925],[-79.041667,-3.3925],[-79.040833,-3.390833],[-79.039167,-3.390833],[-79.039167,-3.39],[-79.0375,-3.39],[-79.0375,-3.390833],[-79.036667,-3.390833],[-79.036667,-3.39],[-79.035,-3.39],[-79.035,-3.389167],[-79.034167,-3.389167],[-79.034167,-3.388333],[-79.0325,-3.388333],[-79.0325,-3.386667],[-79.030833,-3.386667],[-79.030833,-3.385833],[-79.031667,-3.385833],[-79.031667,-3.384167],[-79.029167,-3.3825],[-79.029167,-3.38],[-79.028333,-3.38],[-79.028333,-3.3775],[-79.0275,-3.3775],[-79.0275,-3.376667],[-79.026667,-3.376667],[-79.026667,-3.3775],[-79.023333,-3.3775],[-79.023333,-3.375833],[-79.020833,-3.374167],[-79.020833,-3.373333],[-79.0175,-3.373333],[-79.0175,-3.3725],[-79.015833,-3.3725],[-79.015833,-3.371667],[-79.015,-3.371667],[-79.015,-3.37],[-79.014167,-3.37],[-79.014167,-3.369167],[-79.0125,-3.369167],[-79.0125,-3.366667],[-79.01,-3.366667],[-79.01,-3.365833],[-79.008333,-3.365833],[-79.008333,-3.366667],[-79.005,-3.366667],[-79.001667,-3.361667],[-78.9975,-3.360833],[-78.9975,-3.36],[-78.995,-3.36],[-78.995,-3.358333],[-78.99,-3.358333],[-78.99,-3.359167],[-78.988333,-3.359167],[-78.988333,-3.358333],[-78.986667,-3.358333],[-78.986667,-3.356667],[-78.984167,-3.356667],[-78.984167,-3.355833],[-78.9825,-3.355833],[-78.9825,-3.355],[-78.978333,-3.355],[-78.978333,-3.353333],[-78.9775,-3.353333],[-78.9775,-3.350833],[-78.976667,-3.350833],[-78.976667,-3.35],[-78.974167,-3.35],[-78.974167,-3.350833],[-78.973333,-3.350833],[-78.973333,-3.3525],[-78.971667,-3.3525],[-78.971667,-3.353333],[-78.970833,-3.353333],[-78.970833,-3.351667],[-78.968333,-3.351667],[-78.968333,-3.3525],[-78.9675,-3.3525],[-78.9675,-3.350833],[-78.966667,-3.350833],[-78.966667,-3.349167],[-78.965833,-3.349167],[-78.965833,-3.348333],[-78.963333,-3.348333],[-78.961667,-3.345833],[-78.960833,-3.345833],[-78.960833,-3.3425],[-78.953333,-3.3425],[-78.953333,-3.343333],[-78.9525,-3.343333],[-78.9525,-3.3425],[-78.9475,-3.3425],[-78.945833,-3.34],[-78.945,-3.34],[-78.944167,-3.341667],[-78.9425,-3.3425],[-78.941667,-3.335],[-78.943333,-3.335],[-78.943333,-3.328333],[-78.944167,-3.328333],[-78.944167,-3.325833],[-78.945,-3.325833],[-78.945,-3.3225],[-78.945833,-3.3225],[-78.945,-3.319167],[-78.945833,-3.319167],[-78.945833,-3.3175],[-78.946667,-3.3175],[-78.946667,-3.315],[-78.949167,-3.313333],[-78.949167,-3.3125],[-78.948333,-3.3125],[-78.948333,-3.309167],[-78.9475,-3.309167],[-78.946667,-3.3075],[-78.950833,-3.306667],[-78.950833,-3.303333],[-78.951667,-3.303333],[-78.951667,-3.301667],[-78.9525,-3.301667],[-78.9525,-3.299167],[-78.95,-3.299167],[-78.95,-3.298333],[-78.948333,-3.298333],[-78.948333,-3.2975],[-78.941667,-3.298333],[-78.941667,-3.296667],[-78.939167,-3.296667],[-78.939167,-3.295833],[-78.935,-3.295833],[-78.935,-3.296667],[-78.934167,-3.296667],[-78.934167,-3.295],[-78.933333,-3.295],[-78.933333,-3.293333],[-78.934167,-3.293333],[-78.934167,-3.288333],[-78.933333,-3.288333],[-78.933333,-3.2875],[-78.934167,-3.2875],[-78.934167,-3.285],[-78.935,-3.285],[-78.935,-3.2825],[-78.935833,-3.2825],[-78.935833,-3.28],[-78.934167,-3.279167],[-78.935,-3.273333],[-78.934167,-3.273333],[-78.934167,-3.2725],[-78.928333,-3.2725],[-78.928333,-3.271667],[-78.925833,-3.271667],[-78.925833,-3.270833],[-78.923333,-3.269167],[-78.923333,-3.265],[-78.925,-3.265],[-78.925,-3.261667],[-78.925833,-3.261667],[-78.925833,-3.260833],[-78.9275,-3.260833],[-78.9275,-3.26],[-78.928333,-3.26],[-78.928333,-3.256667],[-78.925833,-3.255],[-78.925833,-3.251667],[-78.926667,-3.251667],[-78.926667,-3.250833],[-78.930833,-3.25],[-78.930833,-3.248333],[-78.935,-3.248333],[-78.935,-3.246667],[-78.9375,-3.245],[-78.9375,-3.2425],[-78.938333,-3.2425],[-78.938333,-3.240833],[-78.939167,-3.240833],[-78.939167,-3.239167],[-78.94,-3.239167],[-78.94,-3.238333],[-78.9425,-3.238333],[-78.9425,-3.236667],[-78.944167,-3.236667],[-78.944167,-3.235],[-78.943333,-3.235],[-78.943333,-3.234167],[-78.944167,-3.234167],[-78.944167,-3.23],[-78.948333,-3.23],[-78.948333,-3.229167],[-78.95,-3.229167],[-78.95,-3.228333],[-78.955,-3.2275],[-78.955,-3.226667],[-78.954167,-3.226667],[-78.954167,-3.224167],[-78.955,-3.224167],[-78.955,-3.223333],[-78.959167,-3.223333],[-78.959167,-3.224167],[-78.961667,-3.224167],[-78.961667,-3.2225],[-78.965833,-3.221667],[-78.965833,-3.22],[-78.9675,-3.22],[-78.9675,-3.218333],[-78.971667,-3.2175],[-78.971667,-3.216667],[-78.9725,-3.216667],[-78.9725,-3.215],[-78.973333,-3.215],[-78.973333,-3.213333],[-78.9725,-3.213333],[-78.9725,-3.2125],[-78.975,-3.210833],[-78.975833,-3.2075],[-78.976667,-3.2075],[-78.976667,-3.2025],[-78.975833,-3.2025],[-78.975833,-3.2],[-78.974167,-3.199167],[-78.974167,-3.198333],[-78.975,-3.198333],[-78.975,-3.196667],[-78.975833,-3.196667],[-78.975833,-3.1975],[-78.9775,-3.1975],[-78.978333,-3.199167],[-78.981667,-3.2],[-78.9825,-3.198333],[-78.984167,-3.198333],[-78.984167,-3.194167],[-78.985833,-3.194167],[-78.986667,-3.195833],[-78.99,-3.195833],[-78.99,-3.195],[-78.993333,-3.195],[-78.993333,-3.195833],[-79.001667,-3.195833],[-79.001667,-3.193333],[-79.005,-3.193333],[-79.006667,-3.195833],[-79.008333,-3.195833],[-79.010833,-3.1925],[-79.011667,-3.1925],[-79.011667,-3.191667],[-79.013333,-3.191667],[-79.013333,-3.190833],[-79.018333,-3.190833],[-79.018333,-3.19],[-79.02,-3.19],[-79.02,-3.186667],[-79.026667,-3.185833],[-79.026667,-3.181667],[-79.0275,-3.181667],[-79.0275,-3.180833],[-79.029167,-3.180833],[-79.029167,-3.18],[-79.028333,-3.18],[-79.028333,-3.178333],[-79.026667,-3.1775],[-79.026667,-3.174167],[-79.028333,-3.174167],[-79.028333,-3.171667],[-79.03,-3.171667],[-79.03,-3.170833],[-79.033333,-3.170833],[-79.033333,-3.169167],[-79.0375,-3.169167],[-79.0375,-3.168333],[-79.039167,-3.168333],[-79.039167,-3.1675],[-79.04,-3.1675],[-79.04,-3.165],[-79.038333,-3.164167],[-79.038333,-3.160833],[-79.039167,-3.160833],[-79.039167,-3.16],[-79.041667,-3.16],[-79.041667,-3.159167],[-79.0425,-3.159167],[-79.0425,-3.1575],[-79.045,-3.1575],[-79.045,-3.155833],[-79.044167,-3.155833],[-79.044167,-3.149167],[-79.045833,-3.149167],[-79.046667,-3.145],[-79.051667,-3.145],[-79.051667,-3.144167],[-79.053333,-3.144167],[-79.054167,-3.1425],[-79.055833,-3.1425],[-79.055833,-3.141667],[-79.059167,-3.141667],[-79.06,-3.14],[-79.068333,-3.140833],[-79.068333,-3.1425],[-79.075,-3.1425],[-79.075833,-3.140833],[-79.08,-3.140833],[-79.080833,-3.139167],[-79.084167,-3.138333],[-79.085,-3.136667],[-79.086667,-3.136667],[-79.086667,-3.1325],[-79.085833,-3.1325],[-79.086667,-3.129167],[-79.089167,-3.1275],[-79.09,-3.125833],[-79.093333,-3.125],[-79.093333,-3.1225],[-79.094167,-3.1225],[-79.094167,-3.121667],[-79.095833,-3.121667],[-79.095833,-3.119167],[-79.099167,-3.119167],[-79.099167,-3.1175],[-79.1,-3.1175],[-79.1,-3.113333],[-79.100833,-3.113333],[-79.100833,-3.1125],[-79.103333,-3.1125],[-79.103333,-3.113333],[-79.104167,-3.113333],[-79.105,-3.1075],[-79.109167,-3.106667],[-79.109167,-3.105],[-79.1125,-3.105],[-79.1125,-3.105833],[-79.114167,-3.105833],[-79.114167,-3.1075],[-79.115,-3.1075],[-79.115,-3.108333],[-79.115833,-3.108333],[-79.115833,-3.1075],[-79.118333,-3.1075],[-79.118333,-3.106667],[-79.121667,-3.106667],[-79.121667,-3.1075],[-79.123333,-3.1075],[-79.123333,-3.108333],[-79.124167,-3.108333],[-79.124167,-3.11],[-79.125833,-3.11],[-79.125833,-3.110833],[-79.135,-3.110833],[-79.135,-3.111667],[-79.1375,-3.111667],[-79.139167,-3.114167],[-79.141667,-3.114167],[-79.141667,-3.115],[-79.1475,-3.115],[-79.1475,-3.114167],[-79.149167,-3.114167],[-79.150833,-3.111667],[-79.154167,-3.110833],[-79.155,-3.109167],[-79.156667,-3.109167],[-79.156667,-3.11],[-79.160833,-3.11],[-79.160833,-3.109167],[-79.166667,-3.11],[-79.166667,-3.1075],[-79.1675,-3.1075],[-79.168333,-3.104167],[-79.169167,-3.104167],[-79.169167,-3.101667],[-79.17,-3.101667],[-79.17,-3.099167],[-79.171667,-3.099167],[-79.171667,-3.098333],[-79.175,-3.098333],[-79.175,-3.095833],[-79.175833,-3.095833],[-79.175833,-3.095],[-79.179167,-3.095],[-79.18,-3.093333],[-79.183333,-3.093333],[-79.183333,-3.09],[-79.186667,-3.089167],[-79.186667,-3.0875],[-79.1875,-3.0875],[-79.1875,-3.086667],[-79.1925,-3.085833],[-79.1925,-3.085],[-79.193333,-3.085],[-79.193333,-3.083333],[-79.194167,-3.083333],[-79.194167,-3.0825],[-79.195833,-3.0825],[-79.195833,-3.081667],[-79.1975,-3.081667],[-79.198333,-3.08],[-79.2025,-3.08],[-79.2025,-3.080833],[-79.203333,-3.080833],[-79.203333,-3.078333],[-79.204167,-3.078333],[-79.205,-3.075],[-79.206667,-3.075],[-79.206667,-3.074167],[-79.208333,-3.073333],[-79.208333,-3.070833],[-79.21,-3.070833],[-79.21,-3.07],[-79.2175,-3.07],[-79.2175,-3.070833],[-79.218333,-3.070833],[-79.218333,-3.07],[-79.22,-3.07],[-79.220833,-3.068333],[-79.2225,-3.0675],[-79.223333,-3.063333],[-79.228333,-3.064167],[-79.229167,-3.058424],[-79.228333,-3.056667],[-79.229167,-3.056667],[-79.229167,-3.055],[-79.2375,-3.055],[-79.2375,-3.055833],[-79.24,-3.0575],[-79.24,-3.058333],[-79.246667,-3.058333],[-79.246667,-3.0575],[-79.2475,-3.0575],[-79.2475,-3.054167],[-79.248333,-3.054167],[-79.248333,-3.053333],[-79.249167,-3.053333],[-79.249167,-3.054167],[-79.250833,-3.054167],[-79.250833,-3.055],[-79.2525,-3.055],[-79.2525,-3.054167],[-79.254167,-3.054167],[-79.254167,-3.0525],[-79.255,-3.0525],[-79.255,-3.051667],[-79.2625,-3.050833],[-79.263333,-3.049167],[-79.264167,-3.049167],[-79.264167,-3.05],[-79.265,-3.05],[-79.265,-3.051667],[-79.265833,-3.051667],[-79.265833,-3.053333],[-79.268333,-3.053333],[-79.268333,-3.055],[-79.27,-3.055],[-79.27,-3.0575],[-79.271667,-3.0575],[-79.271667,-3.06],[-79.273333,-3.06],[-79.273333,-3.065833],[-79.275,-3.066667],[-79.275,-3.070833],[-79.275833,-3.070833],[-79.275833,-3.071667],[-79.279167,-3.071667],[-79.279167,-3.070833],[-79.281667,-3.069167],[-79.283333,-3.066667],[-79.289167,-3.065833],[-79.289167,-3.065],[-79.290833,-3.065],[-79.290833,-3.069167],[-79.2925,-3.069167],[-79.2925,-3.07],[-79.295833,-3.07],[-79.295833,-3.070833],[-79.296667,-3.070833],[-79.296667,-3.07],[-79.3025,-3.07],[-79.303333,-3.068333],[-79.304167,-3.068333],[-79.304167,-3.066667],[-79.305,-3.066667],[-79.305,-3.065],[-79.3125,-3.064167],[-79.313333,-3.0625],[-79.315,-3.0625],[-79.315,-3.060833],[-79.325,-3.060833],[-79.325833,-3.0575],[-79.326667,-3.0575],[-79.329167,-3.054167],[-79.330833,-3.054167],[-79.330833,-3.048333],[-79.331667,-3.048333],[-79.331667,-3.044167],[-79.3325,-3.044167],[-79.3325,-3.043333],[-79.335,-3.043333],[-79.335,-3.0425],[-79.336667,-3.0425],[-79.336667,-3.041667],[-79.338333,-3.041667],[-79.338333,-3.040833],[-79.34,-3.040833],[-79.34,-3.04],[-79.340833,-3.04],[-79.340833,-3.040833],[-79.3425,-3.040833],[-79.3425,-3.041667],[-79.346667,-3.041667],[-79.346667,-3.0425],[-79.348333,-3.0425],[-79.348333,-3.044167],[-79.35,-3.044167],[-79.350833,-3.045833],[-79.3525,-3.045833],[-79.3525,-3.044167],[-79.354167,-3.043333],[-79.354167,-3.04],[-79.355833,-3.039167],[-79.356667,-3.0375],[-79.3575,-3.0375],[-79.358333,-3.0325],[-79.359167,-3.0325],[-79.359167,-3.031667],[-79.361667,-3.031667],[-79.361667,-3.025],[-79.363333,-3.025],[-79.363333,-3.024167],[-79.364167,-3.024167],[-79.364167,-3.020833],[-79.363333,-3.020833],[-79.361667,-3.018333],[-79.360833,-3.018333],[-79.360833,-3.0175],[-79.355833,-3.016667],[-79.355833,-3.014167],[-79.355,-3.014167],[-79.355,-3.011667],[-79.3575,-3.01],[-79.3575,-3.008333],[-79.358333,-3.008333],[-79.358333,-3.0075],[-79.359167,-3.0075],[-79.359167,-3.003333],[-79.355833,-3.003333],[-79.355833,-3.0025],[-79.355,-3.0025],[-79.355,-3.000833],[-79.354167,-3.000833],[-79.354167,-2.999167],[-79.348333,-2.999167],[-79.3475,-2.9975],[-79.345833,-2.9975],[-79.345833,-2.996667],[-79.344167,-2.996667],[-79.344167,-2.995833],[-79.341667,-2.995833],[-79.341667,-2.995],[-79.34,-2.995],[-79.339167,-2.993333],[-79.338333,-2.993333],[-79.3375,-2.983333],[-79.335833,-2.983333],[-79.335,-2.981667],[-79.334167,-2.981667],[-79.334167,-2.979167],[-79.335,-2.979167],[-79.334167,-2.9725],[-79.335833,-2.971667],[-79.335833,-2.968333],[-79.336667,-2.968333],[-79.3375,-2.964167],[-79.335833,-2.964167],[-79.335833,-2.963333],[-79.335,-2.963333],[-79.335,-2.96],[-79.333333,-2.96],[-79.333333,-2.956667],[-79.3325,-2.956667],[-79.330833,-2.954167],[-79.33,-2.954167],[-79.329167,-2.9525],[-79.328333,-2.9525],[-79.328333,-2.95],[-79.329167,-2.95],[-79.329167,-2.949167],[-79.328333,-2.949167],[-79.328333,-2.9475],[-79.329167,-2.9475],[-79.329167,-2.946667],[-79.328333,-2.946667],[-79.328333,-2.945833],[-79.326667,-2.945833],[-79.326667,-2.945],[-79.325833,-2.945],[-79.324167,-2.9425],[-79.3225,-2.9425],[-79.3225,-2.941667],[-79.321667,-2.941667],[-79.321667,-2.940833],[-79.32,-2.940833],[-79.32,-2.938333],[-79.318333,-2.938333],[-79.3175,-2.936667],[-79.315,-2.936667],[-79.314167,-2.933333],[-79.313333,-2.933333],[-79.3125,-2.925833],[-79.3075,-2.926667],[-79.3075,-2.925833],[-79.305833,-2.925],[-79.305833,-2.923333],[-79.3025,-2.921667],[-79.301667,-2.918333],[-79.300833,-2.918333],[-79.300833,-2.910833],[-79.3,-2.910833],[-79.3,-2.9075],[-79.299167,-2.9075],[-79.299167,-2.905833],[-79.298333,-2.905833],[-79.298333,-2.904167],[-79.2975,-2.904167],[-79.2975,-2.903333],[-79.294167,-2.903333],[-79.294167,-2.9025],[-79.2925,-2.9025],[-79.291667,-2.904167],[-79.2875,-2.904167],[-79.2875,-2.9025],[-79.285833,-2.901667],[-79.285,-2.8975],[-79.283333,-2.8975],[-79.283333,-2.896667],[-79.2825,-2.896667],[-79.2825,-2.895],[-79.280833,-2.895],[-79.280833,-2.894167],[-79.28,-2.894167],[-79.28,-2.89],[-79.280833,-2.89],[-79.281667,-2.884167],[-79.283333,-2.883333],[-79.283333,-2.880833],[-79.285,-2.88],[-79.285,-2.878333],[-79.284167,-2.878333],[-79.284167,-2.8775],[-79.288333,-2.876667],[-79.288333,-2.875833],[-79.2875,-2.875833],[-79.2875,-2.873333],[-79.286667,-2.873333],[-79.286667,-2.870833],[-79.285833,-2.870833],[-79.285833,-2.865833],[-79.2875,-2.865],[-79.2875,-2.8625],[-79.288333,-2.8625],[-79.288333,-2.860833],[-79.289167,-2.860833],[-79.289167,-2.858333],[-79.285833,-2.856667],[-79.285833,-2.855],[-79.2875,-2.854167],[-79.2875,-2.851667],[-79.285833,-2.850833],[-79.285833,-2.849167],[-79.284167,-2.848333],[-79.284167,-2.846667],[-79.281667,-2.846667],[-79.281667,-2.8475],[-79.280833,-2.8475],[-79.281667,-2.849167],[-79.280833,-2.849167],[-79.279167,-2.851667],[-79.275833,-2.851667],[-79.275833,-2.8525],[-79.275,-2.8525],[-79.275,-2.851667],[-79.273333,-2.851667],[-79.273333,-2.85],[-79.2725,-2.85],[-79.2725,-2.849167],[-79.269167,-2.85],[-79.268333,-2.851667],[-79.264167,-2.851667],[-79.264167,-2.850833],[-79.26,-2.850833],[-79.26,-2.85],[-79.258333,-2.85],[-79.258333,-2.848333],[-79.26,-2.8475],[-79.26,-2.845833],[-79.259167,-2.845833],[-79.259167,-2.8425],[-79.254167,-2.8425],[-79.254167,-2.840833],[-79.251667,-2.839167],[-79.251667,-2.838333],[-79.249167,-2.838333],[-79.249167,-2.835833],[-79.2475,-2.835],[-79.246667,-2.833333],[-79.245833,-2.833333],[-79.244167,-2.830833],[-79.243333,-2.830833],[-79.243333,-2.829167],[-79.241667,-2.828333],[-79.241667,-2.826667],[-79.240833,-2.826667],[-79.240833,-2.823333],[-79.241667,-2.823333],[-79.241667,-2.8225],[-79.240833,-2.8225],[-79.240833,-2.82],[-79.241667,-2.82],[-79.241667,-2.8175],[-79.240833,-2.8175],[-79.240833,-2.816667],[-79.239167,-2.816667],[-79.239167,-2.815833],[-79.235833,-2.815833],[-79.235833,-2.815],[-79.234167,-2.814167],[-79.2325,-2.811667],[-79.230833,-2.811667],[-79.230833,-2.810833],[-79.229167,-2.81],[-79.23,-2.805],[-79.2325,-2.803333],[-79.2325,-2.796667],[-79.231667,-2.796667],[-79.231667,-2.795],[-79.2325,-2.795],[-79.233333,-2.788333],[-79.234167,-2.788333],[-79.235,-2.781667],[-79.2375,-2.781667],[-79.2375,-2.780833],[-79.239167,-2.78],[-79.239167,-2.778333],[-79.240833,-2.778333],[-79.241667,-2.775],[-79.2425,-2.775],[-79.243333,-2.768333],[-79.244167,-2.768333],[-79.244167,-2.7675],[-79.245833,-2.7675],[-79.245833,-2.759167],[-79.243333,-2.759167],[-79.2425,-2.755],[-79.239167,-2.755],[-79.239167,-2.754167],[-79.2375,-2.754167],[-79.2375,-2.753333],[-79.234167,-2.753333],[-79.234167,-2.751667],[-79.233333,-2.751667],[-79.233333,-2.750833],[-79.230833,-2.750833],[-79.230833,-2.751667],[-79.229167,-2.751667],[-79.228333,-2.753333],[-79.226667,-2.753333],[-79.226667,-2.754167],[-79.223333,-2.754167],[-79.223333,-2.755],[-79.215,-2.755],[-79.215,-2.753333],[-79.211667,-2.753333],[-79.21,-2.755833],[-79.206667,-2.755833],[-79.205,-2.753333],[-79.204167,-2.753333],[-79.204167,-2.75],[-79.203333,-2.75],[-79.203333,-2.749167],[-79.199167,-2.749167],[-79.199167,-2.748333],[-79.198333,-2.748333],[-79.198333,-2.749167],[-79.196667,-2.749167],[-79.196667,-2.75],[-79.191667,-2.75],[-79.191667,-2.749167],[-79.19,-2.749167],[-79.19,-2.748333],[-79.185833,-2.748333],[-79.185833,-2.7475],[-79.184167,-2.746667],[-79.184167,-2.745],[-79.183333,-2.745],[-79.183333,-2.743333],[-79.1825,-2.743333],[-79.1825,-2.7425],[-79.180833,-2.7425],[-79.180833,-2.741667],[-79.18,-2.741667],[-79.18,-2.7425],[-79.178333,-2.7425],[-79.1775,-2.744167],[-79.174167,-2.744167],[-79.174167,-2.743333],[-79.1725,-2.743333],[-79.170833,-2.74],[-79.168333,-2.74],[-79.1675,-2.738333],[-79.165833,-2.738333],[-79.165833,-2.7325],[-79.164167,-2.7325],[-79.163333,-2.730833],[-79.1625,-2.730833],[-79.1625,-2.731667],[-79.158333,-2.731667],[-79.158333,-2.730833],[-79.156667,-2.730833],[-79.156667,-2.731667],[-79.154167,-2.733333],[-79.154167,-2.734167],[-79.151667,-2.734167],[-79.151667,-2.733333],[-79.148333,-2.7325],[-79.148333,-2.731667],[-79.145833,-2.731667],[-79.145833,-2.730833],[-79.144167,-2.73],[-79.144167,-2.725],[-79.1425,-2.725],[-79.1425,-2.724167],[-79.141667,-2.724167],[-79.141667,-2.7225],[-79.140833,-2.7225],[-79.140833,-2.719167],[-79.141667,-2.719167],[-79.141667,-2.7175],[-79.1425,-2.7175],[-79.143333,-2.71],[-79.144167,-2.71],[-79.144167,-2.705],[-79.143333,-2.705],[-79.143333,-2.695833],[-79.139167,-2.695833],[-79.1375,-2.693333],[-79.128333,-2.6925],[-79.128333,-2.691667],[-79.126667,-2.691667],[-79.126667,-2.6925],[-79.118333,-2.6925],[-79.118333,-2.693333],[-79.1175,-2.693333],[-79.1175,-2.691667],[-79.116667,-2.691667],[-79.116667,-2.686667],[-79.115,-2.686667],[-79.115,-2.685833],[-79.114167,-2.685833],[-79.114167,-2.685],[-79.111667,-2.683333],[-79.111667,-2.679167],[-79.1125,-2.679167],[-79.1125,-2.6775],[-79.113333,-2.6775],[-79.113333,-2.673333],[-79.114167,-2.673333],[-79.114167,-2.671667],[-79.115,-2.671667],[-79.115833,-2.67],[-79.1175,-2.67],[-79.1175,-2.669167],[-79.121667,-2.669167],[-79.121667,-2.67],[-79.123333,-2.67],[-79.123333,-2.670833],[-79.125833,-2.670833],[-79.126667,-2.665833],[-79.128333,-2.665],[-79.128333,-2.664167],[-79.130833,-2.664167],[-79.130833,-2.665],[-79.131667,-2.665],[-79.131667,-2.664167],[-79.133333,-2.664167],[-79.133333,-2.663333],[-79.136667,-2.663333],[-79.136667,-2.664167],[-79.1375,-2.664167],[-79.1375,-2.656667],[-79.135833,-2.656667],[-79.135,-2.655],[-79.131667,-2.654167],[-79.131667,-2.651667],[-79.13,-2.651667],[-79.13,-2.650833],[-79.129167,-2.650833],[-79.128333,-2.646667],[-79.1275,-2.646667],[-79.1275,-2.6475],[-79.1225,-2.6475],[-79.1225,-2.646667],[-79.12,-2.646667],[-79.12,-2.645833],[-79.118333,-2.645833],[-79.116667,-2.643333],[-79.113333,-2.6425],[-79.1125,-2.640833],[-79.111667,-2.640833],[-79.111667,-2.6375],[-79.110833,-2.6375],[-79.110833,-2.636667],[-79.105,-2.636667],[-79.105,-2.634167],[-79.103333,-2.634167],[-79.103333,-2.6325],[-79.101667,-2.6325],[-79.101667,-2.63],[-79.096667,-2.626667],[-79.096667,-2.624167],[-79.0975,-2.624167],[-79.0975,-2.623333],[-79.095,-2.623333],[-79.094167,-2.625],[-79.090833,-2.625],[-79.090833,-2.624167],[-79.089167,-2.624167],[-79.089167,-2.625],[-79.085833,-2.625],[-79.085833,-2.623333],[-79.083333,-2.623333],[-79.083333,-2.621667],[-79.0825,-2.621667],[-79.0825,-2.62],[-79.081667,-2.62],[-79.081667,-2.619167],[-79.074167,-2.619167],[-79.074167,-2.62],[-79.0725,-2.62],[-79.0725,-2.620833],[-79.069167,-2.620833],[-79.069167,-2.62],[-79.0675,-2.62],[-79.0675,-2.618333],[-79.065833,-2.6175],[-79.065833,-2.615833],[-79.064167,-2.615],[-79.064167,-2.611667],[-79.063333,-2.611667],[-79.063333,-2.610833],[-79.061667,-2.610833],[-79.061667,-2.611667],[-79.056667,-2.611667],[-79.056667,-2.605],[-79.05,-2.605],[-79.05,-2.605833],[-79.048333,-2.605833],[-79.048333,-2.606667],[-79.046667,-2.6075],[-79.046667,-2.610833],[-79.045833,-2.610833],[-79.044167,-2.613333],[-79.043333,-2.613333],[-79.0425,-2.615],[-79.040833,-2.615],[-79.041667,-2.618333],[-79.043333,-2.618333],[-79.043333,-2.624167],[-79.040833,-2.624167],[-79.040833,-2.625],[-79.035833,-2.625],[-79.035833,-2.625833],[-79.034167,-2.625833],[-79.035,-2.631667],[-79.034167,-2.631667],[-79.034167,-2.6325],[-79.031667,-2.6325],[-79.031667,-2.635],[-79.028333,-2.635],[-79.028333,-2.6375],[-79.026667,-2.638333],[-79.025,-2.635833],[-79.020833,-2.635833],[-79.020833,-2.635],[-79.018333,-2.635],[-79.018333,-2.634167],[-79.015833,-2.634167],[-79.015,-2.635833],[-79.009167,-2.635833],[-79.008333,-2.634167],[-79.006667,-2.634167],[-79.006667,-2.6325],[-79.005,-2.631667],[-79.005,-2.63],[-79.004167,-2.63],[-79.004167,-2.629167],[-79.001667,-2.629167],[-79.001667,-2.628333],[-79.0025,-2.628333],[-79.0025,-2.625833],[-79.001667,-2.625833],[-79.001667,-2.621667],[-79.000833,-2.621667],[-79.000833,-2.619167],[-78.995,-2.618333],[-78.995,-2.619167],[-78.9925,-2.619167],[-78.9925,-2.62],[-78.991667,-2.62],[-78.991667,-2.619167],[-78.99,-2.619167],[-78.99,-2.62],[-78.989167,-2.62],[-78.989167,-2.619167],[-78.988333,-2.619167],[-78.988333,-2.613333],[-78.986667,-2.6125],[-78.986667,-2.61],[-78.985833,-2.61],[-78.986667,-2.605833],[-78.9875,-2.605833],[-78.9875,-2.603333],[-78.988333,-2.603333],[-78.986667,-2.599167],[-78.985833,-2.599167],[-78.985833,-2.6],[-78.984167,-2.6],[-78.984167,-2.6025],[-78.981667,-2.6025],[-78.981667,-2.605],[-78.980833,-2.605],[-78.980833,-2.606667],[-78.98,-2.606667],[-78.979167,-2.608333],[-78.9775,-2.608333],[-78.9775,-2.609167],[-78.9725,-2.609167],[-78.9725,-2.610833],[-78.970833,-2.610833],[-78.970833,-2.611667],[-78.968333,-2.613333],[-78.968333,-2.614167],[-78.966667,-2.614167],[-78.966667,-2.615],[-78.9625,-2.615],[-78.9625,-2.614167],[-78.960833,-2.614167],[-78.959167,-2.611667],[-78.956667,-2.611667],[-78.956667,-2.610833],[-78.948333,-2.610833],[-78.948333,-2.611667],[-78.945833,-2.611667],[-78.945833,-2.6125],[-78.945,-2.6125],[-78.945,-2.611667],[-78.9375,-2.611667],[-78.9375,-2.610833],[-78.9325,-2.61],[-78.931667,-2.608333],[-78.929167,-2.608333],[-78.928333,-2.61],[-78.926667,-2.61],[-78.926667,-2.611667],[-78.925833,-2.611667],[-78.925833,-2.6125],[-78.921667,-2.613333],[-78.921667,-2.616667],[-78.920833,-2.616667],[-78.92,-2.618333],[-78.918333,-2.618333],[-78.918333,-2.621667],[-78.916667,-2.621667],[-78.916667,-2.623333],[-78.914167,-2.623333],[-78.914167,-2.625],[-78.913333,-2.625],[-78.913333,-2.63],[-78.911667,-2.63],[-78.911667,-2.630833],[-78.91,-2.630833],[-78.91,-2.631667],[-78.906667,-2.6325],[-78.906667,-2.634167],[-78.905833,-2.634167],[-78.905833,-2.6375],[-78.901667,-2.6375],[-78.901667,-2.639167],[-78.900833,-2.639167],[-78.900833,-2.645],[-78.899167,-2.645],[-78.899167,-2.645833],[-78.8975,-2.645833],[-78.8975,-2.645],[-78.893333,-2.645],[-78.893333,-2.646667],[-78.89,-2.6475],[-78.89,-2.648333],[-78.8875,-2.648333],[-78.8875,-2.6475],[-78.886667,-2.6475],[-78.886667,-2.648333],[-78.884167,-2.648333],[-78.884167,-2.649167],[-78.88,-2.649167],[-78.88,-2.65],[-78.879167,-2.65],[-78.879167,-2.6525],[-78.88,-2.6525],[-78.88,-2.653333],[-78.879167,-2.653333],[-78.879167,-2.656667],[-78.875,-2.656667],[-78.873333,-2.659167],[-78.870833,-2.659167],[-78.870833,-2.66],[-78.87,-2.66],[-78.87,-2.661667],[-78.865833,-2.661667],[-78.865833,-2.660833],[-78.864167,-2.660833],[-78.864167,-2.661667],[-78.863333,-2.661667],[-78.863333,-2.666667],[-78.8625,-2.666667],[-78.8625,-2.6675],[-78.86,-2.669167],[-78.86,-2.670833],[-78.856667,-2.671667],[-78.856667,-2.6725],[-78.855833,-2.6725],[-78.855833,-2.674167],[-78.854167,-2.674167],[-78.854167,-2.675],[-78.85,-2.675],[-78.85,-2.666667],[-78.849167,-2.666667],[-78.849167,-2.659167],[-78.85,-2.659167],[-78.85,-2.654167],[-78.849167,-2.654167],[-78.849167,-2.643333],[-78.85,-2.643333],[-78.85,-2.6425],[-78.849167,-2.6425],[-78.849167,-2.64],[-78.848333,-2.64],[-78.848333,-2.635],[-78.849167,-2.635],[-78.849167,-2.634167],[-78.846667,-2.634167],[-78.846667,-2.6325],[-78.845833,-2.6325],[-78.845833,-2.631667],[-78.845,-2.631667],[-78.845,-2.6325],[-78.838333,-2.6325],[-78.838333,-2.634167],[-78.8375,-2.634167],[-78.8375,-2.635],[-78.838333,-2.635],[-78.838333,-2.6375],[-78.839167,-2.6375],[-78.84,-2.639167],[-78.841667,-2.639167],[-78.841667,-2.641667],[-78.840833,-2.641667],[-78.840833,-2.644167],[-78.84,-2.644167],[-78.84,-2.645],[-78.8375,-2.645],[-78.835833,-2.6475],[-78.833333,-2.6475],[-78.833333,-2.648333],[-78.8275,-2.648333],[-78.8275,-2.646667],[-78.8175,-2.645833],[-78.8175,-2.6475],[-78.810833,-2.648333],[-78.81,-2.65],[-78.805833,-2.650833],[-78.805833,-2.651667],[-78.8025,-2.651667],[-78.8025,-2.650833],[-78.800833,-2.650833],[-78.800833,-2.645833],[-78.8,-2.645833],[-78.8,-2.645],[-78.7975,-2.645],[-78.7975,-2.644167],[-78.794167,-2.644167],[-78.794167,-2.6425],[-78.791667,-2.640833],[-78.791667,-2.638333],[-78.79,-2.638333],[-78.79,-2.6375],[-78.785,-2.6375],[-78.785,-2.636667],[-78.776667,-2.636667],[-78.776667,-2.635833],[-78.775,-2.635833],[-78.775833,-2.631667],[-78.776667,-2.631667],[-78.776667,-2.63],[-78.775833,-2.63],[-78.775833,-2.625833],[-78.7775,-2.625833],[-78.7775,-2.6225],[-78.78,-2.6225],[-78.78,-2.621667],[-78.781667,-2.621667],[-78.7825,-2.62],[-78.784167,-2.62],[-78.784167,-2.616667],[-78.783333,-2.616667],[-78.783333,-2.614167],[-78.7825,-2.614167],[-78.7825,-2.613333],[-78.780833,-2.613333],[-78.78,-2.604167],[-78.7775,-2.604167],[-78.776667,-2.6025],[-78.775,-2.6025],[-78.775,-2.600833],[-78.773333,-2.6],[-78.7725,-2.596667],[-78.770833,-2.595833],[-78.770833,-2.593333],[-78.769167,-2.593333],[-78.7675,-2.590833],[-78.766667,-2.590833],[-78.766667,-2.585833],[-78.768333,-2.585],[-78.768333,-2.5825],[-78.7675,-2.5825],[-78.7675,-2.580833],[-78.765833,-2.58],[-78.765833,-2.578333],[-78.765,-2.578333],[-78.765,-2.570833],[-78.765833,-2.570833],[-78.765833,-2.568333],[-78.7675,-2.568333],[-78.768333,-2.566667],[-78.766667,-2.565833],[-78.766667,-2.563333],[-78.765833,-2.563333],[-78.765833,-2.561667],[-78.766667,-2.561667],[-78.766667,-2.5575],[-78.765833,-2.5575],[-78.765833,-2.556667],[-78.766667,-2.556667],[-78.766667,-2.55],[-78.764167,-2.55],[-78.764167,-2.548333],[-78.7625,-2.5475],[-78.7625,-2.545833],[-78.763333,-2.545833],[-78.763333,-2.545],[-78.765,-2.545],[-78.765,-2.5425],[-78.764167,-2.5425],[-78.764167,-2.54],[-78.765,-2.54],[-78.765,-2.539167],[-78.764167,-2.539167],[-78.764167,-2.535],[-78.7625,-2.534167],[-78.7625,-2.5325],[-78.760833,-2.531667],[-78.760833,-2.530833],[-78.756667,-2.53],[-78.756667,-2.529167],[-78.755,-2.529167],[-78.755,-2.528333],[-78.751667,-2.528333],[-78.7525,-2.521667],[-78.750833,-2.520833],[-78.750833,-2.5175],[-78.7525,-2.516667],[-78.7525,-2.515],[-78.753333,-2.515],[-78.753333,-2.511667],[-78.750833,-2.51],[-78.750833,-2.508333],[-78.748333,-2.506667],[-78.748333,-2.505],[-78.745833,-2.503333],[-78.745833,-2.499167],[-78.746667,-2.499167],[-78.748333,-2.496667],[-78.75,-2.496667],[-78.75,-2.493333],[-78.749167,-2.493333],[-78.749167,-2.491667],[-78.7475,-2.490833],[-78.7475,-2.489167],[-78.748333,-2.489167],[-78.748333,-2.485],[-78.749167,-2.485],[-78.749167,-2.481667],[-78.748333,-2.481667],[-78.748333,-2.480833],[-78.749167,-2.480833],[-78.749167,-2.478333],[-78.750833,-2.4775],[-78.750833,-2.476667],[-78.75,-2.476667],[-78.75,-2.474167],[-78.750833,-2.474167],[-78.750833,-2.4725],[-78.751667,-2.4725],[-78.751667,-2.469167],[-78.7525,-2.469167],[-78.751667,-2.465833],[-78.749167,-2.464167],[-78.749167,-2.463333],[-78.748333,-2.463333],[-78.7475,-2.4475],[-78.745833,-2.446667],[-78.745833,-2.444167],[-78.746667,-2.444167],[-78.746667,-2.443333],[-78.749167,-2.443333],[-78.749167,-2.44],[-78.748333,-2.44],[-78.749167,-2.4325],[-78.7525,-2.4325],[-78.753333,-2.434167],[-78.755,-2.434167],[-78.755,-2.433333],[-78.756667,-2.433333],[-78.7575,-2.431667],[-78.760833,-2.431667],[-78.7625,-2.429167],[-78.765833,-2.43],[-78.765833,-2.430833],[-78.7675,-2.430833],[-78.7675,-2.431667],[-78.771667,-2.430833],[-78.771667,-2.429167],[-78.773333,-2.429167],[-78.773333,-2.43],[-78.775,-2.43],[-78.775,-2.431667],[-78.7775,-2.433333],[-78.778333,-2.435],[-78.783333,-2.435],[-78.784167,-2.430833],[-78.785833,-2.430833],[-78.785833,-2.43],[-78.786667,-2.43],[-78.786667,-2.428333],[-78.785833,-2.428333],[-78.785833,-2.425],[-78.79,-2.425],[-78.79,-2.423333],[-78.790833,-2.423333],[-78.790833,-2.4225],[-78.7925,-2.4225],[-78.793333,-2.418333],[-78.794167,-2.418333],[-78.794167,-2.4175],[-78.795833,-2.4175],[-78.795833,-2.414167],[-78.795,-2.414167],[-78.795,-2.413333],[-78.7975,-2.411667],[-78.7975,-2.41],[-78.798333,-2.41],[-78.798333,-2.409167],[-78.799167,-2.409167],[-78.799167,-2.406667],[-78.798333,-2.406667],[-78.798333,-2.405833],[-78.795833,-2.405833],[-78.795833,-2.404167],[-78.794167,-2.403333],[-78.794167,-2.399167],[-78.793333,-2.399167],[-78.793333,-2.396667],[-78.791667,-2.395833],[-78.791667,-2.393333],[-78.790833,-2.393333],[-78.790833,-2.391667],[-78.791667,-2.391667],[-78.791667,-2.386667],[-78.790833,-2.386667],[-78.79,-2.385],[-78.790833,-2.385],[-78.790833,-2.384167],[-78.7925,-2.384167],[-78.793333,-2.3825],[-78.795833,-2.3825],[-78.795833,-2.379167],[-78.7925,-2.376667],[-78.7925,-2.375833],[-78.790833,-2.375833],[-78.790833,-2.374167],[-78.789167,-2.374167],[-78.789167,-2.373333],[-78.788333,-2.373333],[-78.788333,-2.371667],[-78.789167,-2.371667],[-78.789167,-2.368333],[-78.79,-2.368333],[-78.79,-2.3675],[-78.789167,-2.3675],[-78.789167,-2.365833],[-78.788333,-2.365833],[-78.7875,-2.364167],[-78.785833,-2.364167],[-78.785833,-2.361667],[-78.785,-2.361667],[-78.785,-2.359167],[-78.784167,-2.359167],[-78.784167,-2.358333],[-78.780833,-2.3575],[-78.780833,-2.355833],[-78.78,-2.355833],[-78.78,-2.356667],[-78.7725,-2.356667],[-78.7725,-2.355833],[-78.770833,-2.355833],[-78.770833,-2.355],[-78.7675,-2.354167],[-78.7675,-2.353333],[-78.765,-2.353333],[-78.765,-2.3525],[-78.763333,-2.351667],[-78.7625,-2.345833],[-78.760833,-2.345833],[-78.76,-2.344167],[-78.758333,-2.344167],[-78.758333,-2.336667],[-78.759167,-2.336667],[-78.759167,-2.331667],[-78.76,-2.331667],[-78.76,-2.330833],[-78.758333,-2.33],[-78.758333,-2.329167],[-78.755833,-2.329167],[-78.755833,-2.3275],[-78.754167,-2.326667],[-78.754167,-2.325833],[-78.7525,-2.325833],[-78.750833,-2.323333],[-78.749167,-2.324167],[-78.749167,-2.325833],[-78.748333,-2.325833],[-78.748333,-2.326667],[-78.7425,-2.326667],[-78.7425,-2.3275],[-78.741667,-2.3275],[-78.741667,-2.329167],[-78.739167,-2.329167],[-78.739167,-2.3275],[-78.7375,-2.326667],[-78.7375,-2.325],[-78.735833,-2.324167],[-78.735833,-2.323333],[-78.7325,-2.323333],[-78.7325,-2.3225],[-78.729167,-2.3225],[-78.729167,-2.321667],[-78.728333,-2.321667],[-78.726667,-2.315833],[-78.724167,-2.315833],[-78.724167,-2.315],[-78.721667,-2.315],[-78.721667,-2.315833],[-78.716667,-2.315833],[-78.716667,-2.3175],[-78.7175,-2.3175],[-78.7175,-2.320833],[-78.718333,-2.320833],[-78.718333,-2.3275],[-78.713333,-2.330833],[-78.7125,-2.334167],[-78.708333,-2.335],[-78.708333,-2.334167],[-78.706667,-2.334167],[-78.706667,-2.3325],[-78.699167,-2.3325],[-78.699167,-2.334167],[-78.698333,-2.334167],[-78.698333,-2.333333],[-78.695833,-2.333333],[-78.695833,-2.3325],[-78.690833,-2.3325],[-78.690833,-2.334167],[-78.69,-2.334167],[-78.69,-2.335],[-78.688333,-2.335],[-78.688333,-2.336667],[-78.6875,-2.336667],[-78.6875,-2.3375],[-78.686667,-2.3375],[-78.686667,-2.336667],[-78.680833,-2.3375],[-78.68,-2.339167],[-78.676667,-2.339167],[-78.675833,-2.340833],[-78.675,-2.340833],[-78.675,-2.34],[-78.671667,-2.34],[-78.671667,-2.343333],[-78.67,-2.343333],[-78.669167,-2.345],[-78.665833,-2.345833],[-78.665,-2.3475],[-78.663333,-2.348333],[-78.663333,-2.346667],[-78.661667,-2.345833],[-78.661667,-2.344167],[-78.660833,-2.344167],[-78.660833,-2.3425],[-78.66,-2.3425],[-78.659167,-2.340833],[-78.6575,-2.340833],[-78.6575,-2.338333],[-78.656667,-2.338333],[-78.656667,-2.3375],[-78.655,-2.3375],[-78.655,-2.336667],[-78.653333,-2.336667],[-78.6525,-2.335],[-78.643333,-2.335],[-78.643333,-2.335833],[-78.6425,-2.335833],[-78.6425,-2.335],[-78.640833,-2.335],[-78.640833,-2.333333],[-78.639167,-2.3325],[-78.639167,-2.330833],[-78.6375,-2.330833],[-78.6375,-2.33],[-78.636667,-2.33],[-78.636667,-2.325833],[-78.635833,-2.325833],[-78.635833,-2.32],[-78.636667,-2.32],[-78.636667,-2.318333],[-78.635,-2.318333],[-78.633333,-2.315],[-78.631667,-2.315],[-78.631667,-2.313333],[-78.6325,-2.313333],[-78.6325,-2.311667],[-78.631667,-2.311667],[-78.631667,-2.3075],[-78.628333,-2.3075],[-78.6275,-2.309167],[-78.623333,-2.309167],[-78.623333,-2.303333],[-78.621667,-2.303333],[-78.621667,-2.301667],[-78.620833,-2.301667],[-78.620833,-2.300833],[-78.621667,-2.300833],[-78.621667,-2.2975],[-78.624167,-2.2975],[-78.624167,-2.296667],[-78.625,-2.296667],[-78.625,-2.295833],[-78.624167,-2.295833],[-78.624167,-2.293333],[-78.623333,-2.293333],[-78.623333,-2.29],[-78.6225,-2.29],[-78.6225,-2.285833],[-78.624167,-2.285833],[-78.625,-2.284167],[-78.626667,-2.284167],[-78.626667,-2.283333],[-78.6275,-2.283333],[-78.628333,-2.281667],[-78.63,-2.280833],[-78.63,-2.28],[-78.629167,-2.28],[-78.63,-2.275833],[-78.629167,-2.275833],[-78.629167,-2.273333],[-78.628333,-2.273333],[-78.629167,-2.2675],[-78.6325,-2.266667],[-78.6325,-2.265833],[-78.634167,-2.265833],[-78.634167,-2.265],[-78.636667,-2.265],[-78.636667,-2.264167],[-78.64,-2.264167],[-78.64,-2.2625],[-78.641667,-2.261667],[-78.6425,-2.26],[-78.643333,-2.26],[-78.643333,-2.259167],[-78.645,-2.259167],[-78.645,-2.258333],[-78.644167,-2.258333],[-78.644167,-2.256667],[-78.645,-2.256667],[-78.645,-2.253333],[-78.645833,-2.253333],[-78.645833,-2.25],[-78.646667,-2.25],[-78.646667,-2.248333],[-78.653333,-2.248333],[-78.654167,-2.246667],[-78.656667,-2.246667],[-78.656667,-2.245833],[-78.660833,-2.245833],[-78.660833,-2.246667],[-78.6625,-2.246667],[-78.663333,-2.245],[-78.665,-2.245],[-78.665,-2.243333],[-78.6675,-2.241667],[-78.668333,-2.24],[-78.669167,-2.24],[-78.669167,-2.236667],[-78.668333,-2.236667],[-78.668333,-2.234167],[-78.6675,-2.234167],[-78.6675,-2.233333],[-78.669167,-2.233333],[-78.67,-2.231667],[-78.670833,-2.231667],[-78.670833,-2.229167],[-78.6725,-2.228333],[-78.6725,-2.225833],[-78.675,-2.224167],[-78.675,-2.2225],[-78.676667,-2.221667],[-78.676667,-2.22],[-78.675833,-2.22],[-78.675833,-2.216667],[-78.6775,-2.215833],[-78.678333,-2.2125],[-78.679167,-2.2125],[-78.678333,-2.210833],[-78.680833,-2.210833],[-78.680833,-2.21],[-78.681667,-2.21],[-78.681667,-2.199167],[-78.680833,-2.199167],[-78.679167,-2.196667],[-78.6775,-2.196667],[-78.6775,-2.195],[-78.675833,-2.195],[-78.675833,-2.194167],[-78.675,-2.194167],[-78.675,-2.1875],[-78.674167,-2.1875],[-78.674167,-2.185833],[-78.673333,-2.185833],[-78.673333,-2.1825],[-78.6675,-2.181667],[-78.6675,-2.179167],[-78.665,-2.179167],[-78.665,-2.178333],[-78.664167,-2.178333],[-78.6625,-2.175833],[-78.661667,-2.175833],[-78.661667,-2.175],[-78.659167,-2.173333],[-78.659167,-2.171667],[-78.658333,-2.171667],[-78.658333,-2.1675],[-78.656667,-2.166667],[-78.656667,-2.161667],[-78.655,-2.160833],[-78.654167,-2.1575],[-78.653333,-2.1575],[-78.653333,-2.1525],[-78.6525,-2.1525],[-78.6525,-2.144167],[-78.653333,-2.144167],[-78.653333,-2.1425],[-78.65,-2.1425],[-78.65,-2.140833],[-78.6475,-2.140833],[-78.6475,-2.139167],[-78.645833,-2.138333],[-78.645833,-2.135833],[-78.644167,-2.135],[-78.644167,-2.130833],[-78.643333,-2.130833],[-78.643333,-2.129167],[-78.641667,-2.128333],[-78.641667,-2.125],[-78.640833,-2.125],[-78.640833,-2.1225],[-78.64,-2.1225],[-78.64,-2.121667],[-78.6375,-2.121667],[-78.6375,-2.120833],[-78.636667,-2.120833],[-78.636667,-2.119167],[-78.630833,-2.119167],[-78.630833,-2.118333],[-78.6275,-2.118333],[-78.6275,-2.116667],[-78.626667,-2.116667],[-78.626667,-2.115833],[-78.624167,-2.114167],[-78.624167,-2.111667],[-78.625,-2.111667],[-78.625833,-2.1075],[-78.626667,-2.1075],[-78.628333,-2.105],[-78.630833,-2.103333],[-78.630833,-2.098333],[-78.634167,-2.098333],[-78.634167,-2.0975],[-78.636667,-2.0975],[-78.636667,-2.096667],[-78.639167,-2.096667],[-78.639167,-2.095833],[-78.64,-2.095833],[-78.64,-2.0875],[-78.640833,-2.0875],[-78.640833,-2.085833],[-78.643333,-2.084167],[-78.644167,-2.080833],[-78.6475,-2.080833],[-78.6475,-2.0825],[-78.649167,-2.0825],[-78.650833,-2.085],[-78.6525,-2.085],[-78.6525,-2.084167],[-78.654167,-2.084167],[-78.654167,-2.083333],[-78.656667,-2.083333],[-78.656667,-2.081667],[-78.659167,-2.081667],[-78.659167,-2.080833],[-78.661667,-2.080833],[-78.661667,-2.08],[-78.6675,-2.079167],[-78.6675,-2.0775],[-78.668333,-2.0775],[-78.668333,-2.076667],[-78.670833,-2.076667],[-78.670833,-2.0775],[-78.675,-2.0775],[-78.675,-2.078333],[-78.6775,-2.078333],[-78.6775,-2.079167],[-78.685,-2.079167],[-78.685,-2.078333],[-78.6875,-2.078333],[-78.6875,-2.079167],[-78.688333,-2.079167],[-78.688333,-2.078333],[-78.691667,-2.078333],[-78.691667,-2.079167],[-78.6925,-2.079167],[-78.6925,-2.078333],[-78.693333,-2.078333],[-78.693333,-2.076667],[-78.694167,-2.076667],[-78.695833,-2.074167],[-78.700833,-2.074167],[-78.700833,-2.073333],[-78.701667,-2.073333],[-78.701667,-2.071667],[-78.7025,-2.071667],[-78.7025,-2.07],[-78.703333,-2.07],[-78.703333,-2.068333],[-78.7075,-2.068333],[-78.7075,-2.0675],[-78.709167,-2.068333],[-78.710833,-2.070833],[-78.7125,-2.070833],[-78.7125,-2.0725],[-78.714167,-2.0725],[-78.715,-2.074167],[-78.715833,-2.074167],[-78.715833,-2.073333],[-78.718333,-2.073333],[-78.718333,-2.0725],[-78.72,-2.0725],[-78.72,-2.073333],[-78.724167,-2.073333],[-78.723333,-2.069167],[-78.724167,-2.069167],[-78.724167,-2.068333],[-78.726667,-2.068333],[-78.7275,-2.066667],[-78.730833,-2.066667],[-78.730833,-2.065],[-78.731667,-2.065],[-78.731667,-2.064167],[-78.733333,-2.064167],[-78.734167,-2.0625],[-78.739167,-2.0625],[-78.739167,-2.063333],[-78.74,-2.063333],[-78.74,-2.0625],[-78.741667,-2.0625],[-78.741667,-2.061667],[-78.743333,-2.061667],[-78.743333,-2.060833],[-78.745,-2.060833],[-78.745,-2.06],[-78.745833,-2.06],[-78.745833,-2.060833],[-78.75,-2.06],[-78.75,-2.059167],[-78.750833,-2.059167],[-78.750833,-2.056667],[-78.7525,-2.056667],[-78.7525,-2.0575],[-78.753333,-2.0575],[-78.753333,-2.055],[-78.751667,-2.054167],[-78.753333,-2.050833],[-78.755833,-2.050833],[-78.755833,-2.05],[-78.7575,-2.05],[-78.7575,-2.049167],[-78.759167,-2.049167],[-78.759167,-2.050833],[-78.766667,-2.050833],[-78.766667,-2.051667],[-78.768333,-2.051667],[-78.768333,-2.050833],[-78.77,-2.05],[-78.77,-2.049167],[-78.768333,-2.049167],[-78.768333,-2.0475],[-78.769167,-2.0475],[-78.769167,-2.045],[-78.77,-2.045],[-78.77,-2.043333],[-78.770833,-2.043333],[-78.770833,-2.04],[-78.77,-2.04],[-78.77,-2.038333],[-78.768333,-2.0375],[-78.768333,-2.035],[-78.769167,-2.035],[-78.769167,-2.034167],[-78.77,-2.034167],[-78.77,-2.0325],[-78.770833,-2.0325],[-78.770833,-2.029167],[-78.773333,-2.029167],[-78.773333,-2.028333],[-78.775,-2.028333],[-78.775,-2.0275],[-78.776667,-2.0275],[-78.776667,-2.026667],[-78.779167,-2.026667],[-78.779167,-2.025],[-78.781667,-2.025],[-78.781667,-2.023333],[-78.789167,-2.023333],[-78.789167,-2.0225],[-78.790833,-2.0225],[-78.790833,-2.021667],[-78.7975,-2.021667],[-78.7975,-2.020833],[-78.801667,-2.020833],[-78.801667,-2.021667],[-78.804167,-2.021667],[-78.804167,-2.0225],[-78.806667,-2.024167],[-78.806667,-2.025],[-78.81,-2.025],[-78.81,-2.025833],[-78.810833,-2.025833],[-78.810833,-2.025],[-78.8125,-2.024167],[-78.8125,-2.0225],[-78.814167,-2.0225],[-78.814167,-2.02],[-78.815833,-2.019167],[-78.815833,-2.0175],[-78.825,-2.018333],[-78.825,-2.02],[-78.828333,-2.02],[-78.828333,-2.019167],[-78.83,-2.019167],[-78.83,-2.018333],[-78.830833,-2.018333],[-78.830833,-2.014167],[-78.8325,-2.014167],[-78.8325,-2.013333],[-78.834167,-2.013333],[-78.834167,-2.0125],[-78.835,-2.0125],[-78.835,-2.011667],[-78.834167,-2.011667],[-78.834167,-2.008333],[-78.835833,-2.0075],[-78.836667,-2.003333],[-78.8375,-2.003333],[-78.8375,-2.001667],[-78.838333,-2.001667],[-78.838333,-2.000833],[-78.84,-2.0],[-78.84,-1.998333],[-78.8425,-1.998333],[-78.843333,-2.0],[-78.845833,-2.0],[-78.845833,-1.999167],[-78.8475,-1.999167],[-78.8475,-1.9975],[-78.849167,-1.9975],[-78.849167,-1.995],[-78.845833,-1.994167],[-78.845833,-1.993333],[-78.845,-1.993333],[-78.845,-1.991667],[-78.844167,-1.991667],[-78.844167,-1.990833],[-78.841667,-1.989167],[-78.841667,-1.988333],[-78.826667,-1.988333],[-78.826667,-1.9875],[-78.825833,-1.9875],[-78.825833,-1.984167],[-78.824167,-1.983333],[-78.824167,-1.981667],[-78.8225,-1.980833],[-78.8225,-1.975833],[-78.821667,-1.975833],[-78.821667,-1.973333],[-78.8225,-1.973333],[-78.8225,-1.966667],[-78.821667,-1.966667],[-78.821667,-1.965833],[-78.818333,-1.965833],[-78.8175,-1.964167],[-78.815833,-1.964167],[-78.815833,-1.9625],[-78.815,-1.9625],[-78.815,-1.959167],[-78.814167,-1.959167],[-78.814167,-1.956667],[-78.815,-1.956667],[-78.815,-1.948333],[-78.814167,-1.948333],[-78.814167,-1.946667],[-78.8175,-1.946667],[-78.818333,-1.945],[-78.821667,-1.945],[-78.821667,-1.940833],[-78.8225,-1.940833],[-78.8225,-1.94],[-78.825833,-1.94],[-78.825833,-1.940833],[-78.8275,-1.940833],[-78.8275,-1.941667],[-78.83,-1.941667],[-78.830833,-1.94],[-78.831667,-1.94],[-78.831667,-1.936667],[-78.834167,-1.936667],[-78.834167,-1.935833],[-78.835,-1.935833],[-78.835,-1.935],[-78.836667,-1.935],[-78.836667,-1.934167],[-78.84,-1.934167],[-78.840833,-1.9375],[-78.8425,-1.938333],[-78.8425,-1.939167],[-78.85,-1.939167],[-78.85,-1.938333],[-78.851667,-1.938333],[-78.851667,-1.935833],[-78.8525,-1.935833],[-78.8525,-1.935],[-78.851667,-1.935],[-78.851667,-1.930833],[-78.8525,-1.930833],[-78.8525,-1.928333],[-78.854167,-1.928333],[-78.854167,-1.9275],[-78.855,-1.9275],[-78.855,-1.923333],[-78.855833,-1.923333],[-78.855833,-1.921667],[-78.855,-1.921667],[-78.855,-1.920833],[-78.8525,-1.919167],[-78.8525,-1.91],[-78.850833,-1.909167],[-78.850833,-1.901667],[-78.85,-1.901667],[-78.85,-1.9],[-78.850833,-1.9],[-78.85,-1.893333],[-78.850833,-1.893333],[-78.850833,-1.891667],[-78.849167,-1.890833],[-78.848333,-1.885833],[-78.846667,-1.885833],[-78.846667,-1.885],[-78.845833,-1.885],[-78.845833,-1.883333],[-78.845,-1.883333],[-78.845,-1.881667],[-78.846667,-1.880833],[-78.846667,-1.879167],[-78.848333,-1.879167],[-78.848333,-1.873333],[-78.849167,-1.873333],[-78.849167,-1.87],[-78.848333,-1.87],[-78.848333,-1.869167],[-78.85,-1.868333],[-78.85,-1.865833],[-78.849167,-1.865833],[-78.85,-1.858333],[-78.849167,-1.858333],[-78.849167,-1.855833],[-78.8475,-1.855833],[-78.8475,-1.854167],[-78.845833,-1.853333],[-78.845833,-1.851667],[-78.844167,-1.850833],[-78.844167,-1.849167],[-78.8425,-1.849167],[-78.841667,-1.845833],[-78.84,-1.845],[-78.84,-1.8425],[-78.839167,-1.8425],[-78.839167,-1.841667],[-78.833333,-1.840833],[-78.833333,-1.839167],[-78.8325,-1.839167],[-78.8325,-1.8375],[-78.833333,-1.8375],[-78.833333,-1.836667],[-78.835,-1.836667],[-78.835,-1.835833],[-78.836667,-1.835833],[-78.8375,-1.834167],[-78.838333,-1.834167],[-78.838333,-1.8325],[-78.841667,-1.8325],[-78.841667,-1.830833],[-78.845833,-1.830833],[-78.845,-1.809167],[-78.846667,-1.808333],[-78.846667,-1.804167],[-78.845833,-1.804167],[-78.845,-1.796667],[-78.844167,-1.796667],[-78.843333,-1.795],[-78.841667,-1.795],[-78.841667,-1.790833],[-78.838333,-1.79],[-78.838333,-1.788333],[-78.836667,-1.7875],[-78.836667,-1.78],[-78.835833,-1.78],[-78.835833,-1.778333],[-78.835,-1.778333],[-78.835,-1.7775],[-78.835833,-1.7775],[-78.835833,-1.775833],[-78.836667,-1.775833],[-78.8375,-1.774167],[-78.839167,-1.774167],[-78.839167,-1.771667],[-78.838333,-1.771667],[-78.838333,-1.77],[-78.8375,-1.77],[-78.8375,-1.766667],[-78.836667,-1.766667],[-78.836667,-1.765],[-78.835833,-1.765],[-78.835833,-1.76],[-78.835,-1.76],[-78.835,-1.758333],[-78.834167,-1.758333],[-78.834167,-1.754167],[-78.836667,-1.754167],[-78.836667,-1.7525],[-78.840833,-1.751667],[-78.8425,-1.749167],[-78.85,-1.749167],[-78.85,-1.735833],[-78.850833,-1.735833],[-78.850833,-1.733333],[-78.851667,-1.733333],[-78.851667,-1.730833],[-78.8525,-1.730833],[-78.8525,-1.729167],[-78.860833,-1.729167],[-78.860833,-1.7275],[-78.861667,-1.7275],[-78.861667,-1.721667],[-78.8625,-1.721667],[-78.8625,-1.718333],[-78.863333,-1.718333],[-78.865,-1.715833],[-78.865833,-1.715833],[-78.865833,-1.713333],[-78.866667,-1.713333],[-78.866667,-1.708333],[-78.865833,-1.708333],[-78.865833,-1.706667],[-78.865,-1.706667],[-78.864167,-1.7025],[-78.863333,-1.7025],[-78.863333,-1.695],[-78.8625,-1.695],[-78.861667,-1.693333],[-78.86,-1.6925],[-78.86,-1.685],[-78.860833,-1.685],[-78.860833,-1.681667],[-78.861667,-1.681667],[-78.861667,-1.679167],[-78.860833,-1.679167],[-78.860833,-1.675833],[-78.86,-1.675833],[-78.86,-1.674167],[-78.8575,-1.6725],[-78.8575,-1.670833],[-78.856667,-1.670833],[-78.856667,-1.671667],[-78.8525,-1.671667],[-78.8525,-1.6725],[-78.8475,-1.6725],[-78.846667,-1.670833],[-78.845,-1.670833],[-78.845,-1.664167],[-78.8425,-1.664167],[-78.841667,-1.6625],[-78.838333,-1.6625],[-78.838333,-1.660833],[-78.836667,-1.66],[-78.836667,-1.659167],[-78.8375,-1.659167],[-78.8375,-1.655833],[-78.838333,-1.655833],[-78.838333,-1.654167],[-78.8425,-1.653333],[-78.8425,-1.651667],[-78.843333,-1.651667],[-78.843333,-1.649167],[-78.844167,-1.649167],[-78.844167,-1.6475],[-78.845,-1.6475],[-78.845,-1.645833],[-78.845833,-1.645833],[-78.845833,-1.640872],[-78.845833,-1.64],[-78.843333,-1.64],[-78.8425,-1.638333],[-78.840833,-1.638333],[-78.840833,-1.633333],[-78.841667,-1.633333],[-78.841667,-1.631667],[-78.840833,-1.631667],[-78.841667,-1.623333],[-78.840833,-1.623333],[-78.840833,-1.621667],[-78.84,-1.621667],[-78.839167,-1.62],[-78.8375,-1.619167],[-78.8375,-1.616667],[-78.838333,-1.616667],[-78.8375,-1.610833],[-78.839167,-1.610833],[-78.839167,-1.605833],[-78.838333,-1.605833],[-78.838333,-1.604167],[-78.8375,-1.604167],[-78.8375,-1.600833],[-78.836667,-1.600833],[-78.836667,-1.6],[-78.8375,-1.6],[-78.8375,-1.599167],[-78.839167,-1.599167],[-78.839167,-1.596667],[-78.84,-1.596667],[-78.84,-1.595833],[-78.841667,-1.595833],[-78.841667,-1.591667],[-78.843333,-1.591667],[-78.843333,-1.590833],[-78.844167,-1.590833],[-78.844167,-1.589167],[-78.845833,-1.589167],[-78.846667,-1.5875],[-78.85,-1.5875],[-78.850833,-1.585833],[-78.851667,-1.585833],[-78.851667,-1.581667],[-78.849167,-1.58],[-78.849167,-1.576667],[-78.85,-1.576667],[-78.85,-1.575],[-78.848333,-1.574167],[-78.8475,-1.57],[-78.845,-1.57],[-78.845,-1.569167],[-78.844167,-1.569167],[-78.845,-1.559167],[-78.846667,-1.558333],[-78.846667,-1.5575],[-78.850833,-1.556667],[-78.850833,-1.555833],[-78.854167,-1.555833],[-78.854167,-1.553333],[-78.855,-1.553333],[-78.855,-1.551667],[-78.855833,-1.551667],[-78.855,-1.545],[-78.856667,-1.544167],[-78.856667,-1.543333],[-78.858333,-1.543333],[-78.858333,-1.5425],[-78.859167,-1.5425],[-78.859167,-1.540833],[-78.864167,-1.540833],[-78.865833,-1.538333],[-78.873333,-1.538333],[-78.873333,-1.5375],[-78.875,-1.5375],[-78.875,-1.535833],[-78.876667,-1.535],[-78.876667,-1.5325],[-78.875833,-1.5325],[-78.875833,-1.53],[-78.876667,-1.53],[-78.876667,-1.523333],[-78.875833,-1.523333],[-78.875833,-1.521667],[-78.875,-1.521667],[-78.875,-1.519167],[-78.873333,-1.518333],[-78.8725,-1.516667],[-78.869167,-1.515833],[-78.869167,-1.515],[-78.8675,-1.514167],[-78.8675,-1.511667],[-78.866667,-1.511667],[-78.866667,-1.510833],[-78.869167,-1.509167],[-78.869167,-1.505833],[-78.8675,-1.505],[-78.8675,-1.500833],[-78.868333,-1.500833],[-78.868333,-1.499167],[-78.8675,-1.499167],[-78.8675,-1.4975],[-78.866667,-1.4975],[-78.866667,-1.495833],[-78.865,-1.495833],[-78.865,-1.4925],[-78.865833,-1.4925],[-78.865833,-1.490833],[-78.866667,-1.490833],[-78.866667,-1.488333],[-78.865,-1.4875],[-78.865,-1.485833],[-78.864167,-1.485833],[-78.864167,-1.485],[-78.863333,-1.485],[-78.863333,-1.4825],[-78.8625,-1.4825],[-78.8625,-1.481667],[-78.860833,-1.481667],[-78.860833,-1.480833],[-78.858333,-1.480833],[-78.8575,-1.479167],[-78.855833,-1.478333],[-78.855833,-1.476667],[-78.855,-1.476667],[-78.855,-1.474167],[-78.8525,-1.474167],[-78.851667,-1.4725],[-78.848333,-1.4725],[-78.848333,-1.471667],[-78.846667,-1.471667],[-78.846667,-1.470833],[-78.845,-1.470833],[-78.845,-1.469167],[-78.841667,-1.469167],[-78.841667,-1.468333],[-78.840833,-1.468333],[-78.840833,-1.4675],[-78.84,-1.4675],[-78.84,-1.466667],[-78.838333,-1.465833],[-78.8375,-1.464167],[-78.839167,-1.464167],[-78.839167,-1.463333],[-78.8425,-1.463333],[-78.843333,-1.465],[-78.845,-1.465],[-78.845833,-1.466667],[-78.8475,-1.466667],[-78.8475,-1.4675],[-78.848333,-1.4675],[-78.848333,-1.465833],[-78.85,-1.465833],[-78.85,-1.465],[-78.858333,-1.465833],[-78.858333,-1.465],[-78.860833,-1.465],[-78.861667,-1.463333],[-78.863333,-1.463333],[-78.863333,-1.4625],[-78.865,-1.4625],[-78.865,-1.463333],[-78.870833,-1.4625],[-78.870833,-1.461667],[-78.8725,-1.461667],[-78.8725,-1.460833],[-78.874167,-1.460833],[-78.874167,-1.46],[-78.875833,-1.46],[-78.875833,-1.459167],[-78.876667,-1.459167],[-78.876667,-1.456667],[-78.8775,-1.456667],[-78.8775,-1.455],[-78.879167,-1.454167],[-78.88,-1.450833],[-78.881667,-1.450833],[-78.8825,-1.449167],[-78.884167,-1.449167],[-78.884167,-1.4475],[-78.885833,-1.446667],[-78.885833,-1.445833],[-78.8875,-1.445833],[-78.888333,-1.444167],[-78.889167,-1.444167],[-78.889167,-1.4425],[-78.891667,-1.440833],[-78.891667,-1.44],[-78.8925,-1.44],[-78.8925,-1.438333],[-78.895,-1.436667],[-78.895,-1.435833],[-78.898333,-1.436667],[-78.898333,-1.435833],[-78.9,-1.435833],[-78.9,-1.435],[-78.903333,-1.435],[-78.903333,-1.434167],[-78.905833,-1.434167],[-78.905833,-1.433333],[-78.906667,-1.433333],[-78.906667,-1.431667],[-78.9075,-1.431667],[-78.9075,-1.43],[-78.908333,-1.43],[-78.908333,-1.428333],[-78.910833,-1.426667],[-78.910833,-1.4225],[-78.911667,-1.4225],[-78.911667,-1.42],[-78.9125,-1.42],[-78.9125,-1.416667],[-78.913333,-1.416667],[-78.913333,-1.4125],[-78.914167,-1.4125],[-78.914167,-1.41],[-78.915833,-1.41],[-78.915833,-1.409167],[-78.9225,-1.409167],[-78.9225,-1.41],[-78.924167,-1.41],[-78.925,-1.406667],[-78.925833,-1.406667],[-78.926667,-1.405],[-78.928333,-1.405],[-78.928333,-1.400833],[-78.929167,-1.400833],[-78.93,-1.399167],[-78.9275,-1.399167],[-78.9275,-1.3975],[-78.925833,-1.3975],[-78.925833,-1.393333],[-78.925,-1.393333],[-78.925,-1.390833],[-78.926667,-1.39],[-78.928333,-1.3875],[-78.929167,-1.3875],[-78.929167,-1.385],[-78.93,-1.385],[-78.93,-1.383333],[-78.930833,-1.383333],[-78.930833,-1.3825],[-78.93,-1.3825],[-78.93,-1.380833],[-78.9275,-1.379167],[-78.926667,-1.3775],[-78.925833,-1.3775],[-78.925833,-1.374167],[-78.926667,-1.374167],[-78.9275,-1.37],[-78.928333,-1.37],[-78.928333,-1.369167],[-78.930833,-1.369167],[-78.930833,-1.368333],[-78.931667,-1.368333],[-78.931667,-1.365833],[-78.9325,-1.365833],[-78.9325,-1.365],[-78.935,-1.365],[-78.935833,-1.363333],[-78.9375,-1.3625],[-78.9375,-1.360833],[-78.938333,-1.360833],[-78.938333,-1.355],[-78.9375,-1.355],[-78.9375,-1.353333],[-78.935,-1.353333],[-78.935,-1.351667],[-78.933333,-1.350833],[-78.933333,-1.338333],[-78.934167,-1.338333],[-78.934167,-1.3375],[-78.9325,-1.336667],[-78.931667,-1.335],[-78.928333,-1.334167],[-78.928333,-1.333333],[-78.926667,-1.333333],[-78.926667,-1.3325],[-78.925,-1.3325],[-78.924167,-1.330833],[-78.923333,-1.330833],[-78.923333,-1.329167],[-78.9175,-1.328333],[-78.9175,-1.3275],[-78.916667,-1.3275],[-78.916667,-1.325833],[-78.915,-1.325833],[-78.915,-1.325],[-78.914167,-1.325],[-78.914167,-1.321667],[-78.913333,-1.321667],[-78.913333,-1.318333],[-78.9125,-1.318333],[-78.9125,-1.315],[-78.914167,-1.314167],[-78.914167,-1.311667],[-78.915,-1.311667],[-78.915,-1.310833],[-78.914167,-1.310833],[-78.914167,-1.308333],[-78.913333,-1.308333],[-78.9125,-1.306667],[-78.910833,-1.306667],[-78.910833,-1.305833],[-78.904167,-1.305],[-78.904167,-1.300833],[-78.901667,-1.299167],[-78.901667,-1.2975],[-78.9,-1.2975],[-78.9,-1.295833],[-78.899167,-1.295833],[-78.899167,-1.295],[-78.8975,-1.295],[-78.8975,-1.2925],[-78.896667,-1.2925],[-78.896667,-1.288333],[-78.895833,-1.288333],[-78.895833,-1.286667],[-78.895,-1.286667],[-78.895,-1.285833],[-78.893333,-1.285833],[-78.893333,-1.279167],[-78.891667,-1.278333],[-78.891667,-1.276667],[-78.890833,-1.276667],[-78.891667,-1.27],[-78.89,-1.269167],[-78.89,-1.268333],[-78.886667,-1.2675],[-78.886667,-1.266667],[-78.8875,-1.266667],[-78.8875,-1.261667],[-78.886667,-1.261667],[-78.886667,-1.26],[-78.885,-1.259167],[-78.885,-1.256667],[-78.885833,-1.256667],[-78.885833,-1.255],[-78.89,-1.255],[-78.890833,-1.249705],[-78.89,-1.244167],[-78.890833,-1.244167],[-78.891667,-1.240833],[-78.893333,-1.24],[-78.893333,-1.239167],[-78.8925,-1.239167],[-78.8925,-1.236667],[-78.893333,-1.236667],[-78.893333,-1.235833],[-78.891667,-1.235833],[-78.891667,-1.235],[-78.890833,-1.235],[-78.890833,-1.231667],[-78.891667,-1.231667],[-78.891667,-1.229167],[-78.8925,-1.229167],[-78.8925,-1.225],[-78.893333,-1.225],[-78.893333,-1.223333],[-78.891667,-1.2225],[-78.890833,-1.219167],[-78.889167,-1.219167],[-78.889167,-1.218333],[-78.888333,-1.218333],[-78.888333,-1.216667],[-78.885833,-1.215],[-78.885833,-1.213333],[-78.884167,-1.213333],[-78.884167,-1.2125],[-78.8825,-1.211667],[-78.883333,-1.208333],[-78.88,-1.209167],[-78.878333,-1.206667],[-78.876667,-1.206667],[-78.876667,-1.205],[-78.875833,-1.205],[-78.875833,-1.204167],[-78.873333,-1.204167],[-78.873333,-1.201667],[-78.870833,-1.2],[-78.870833,-1.198333],[-78.869167,-1.1975],[-78.869167,-1.196667],[-78.866667,-1.196667],[-78.866667,-1.195833],[-78.865833,-1.195833],[-78.865833,-1.194167],[-78.8625,-1.194167],[-78.8625,-1.190833],[-78.863333,-1.190833],[-78.865,-1.188333],[-78.865833,-1.188333],[-78.865833,-1.185],[-78.865,-1.185],[-78.865,-1.183333],[-78.861667,-1.183333],[-78.861667,-1.1825],[-78.860833,-1.1825],[-78.860833,-1.1775],[-78.86,-1.1775],[-78.86,-1.175833],[-78.859167,-1.175833],[-78.859167,-1.174167],[-78.858333,-1.174167],[-78.858333,-1.173333],[-78.8575,-1.173333],[-78.8575,-1.174167],[-78.854167,-1.174167],[-78.854167,-1.175833],[-78.853333,-1.175833],[-78.851667,-1.178333],[-78.850833,-1.178333],[-78.850833,-1.18],[-78.85,-1.18],[-78.85,-1.180833],[-78.8475,-1.180833],[-78.8475,-1.181667],[-78.845833,-1.181667],[-78.845833,-1.1825],[-78.845,-1.1825],[-78.844167,-1.180833],[-78.841667,-1.179167],[-78.841667,-1.178333],[-78.840833,-1.178333],[-78.840833,-1.176667],[-78.84,-1.176667],[-78.84,-1.175833],[-78.835,-1.175],[-78.835,-1.174167],[-78.833333,-1.175],[-78.8325,-1.173333],[-78.831667,-1.173333],[-78.831667,-1.171667],[-78.830833,-1.171667],[-78.830833,-1.165833],[-78.83,-1.165833],[-78.829167,-1.164167],[-78.826667,-1.164167],[-78.826667,-1.163333],[-78.823333,-1.1625],[-78.8225,-1.160833],[-78.820833,-1.160833],[-78.82,-1.159167],[-78.818333,-1.159167],[-78.8175,-1.1575],[-78.815,-1.1575],[-78.815,-1.155],[-78.813333,-1.154167],[-78.8125,-1.1525],[-78.809167,-1.1525],[-78.808333,-1.154167],[-78.806667,-1.154167],[-78.806667,-1.155],[-78.805833,-1.155],[-78.805833,-1.154167],[-78.805,-1.154167],[-78.805,-1.151667],[-78.804167,-1.151667],[-78.804167,-1.150833],[-78.8025,-1.150833],[-78.8025,-1.15],[-78.800833,-1.15],[-78.8,-1.148333],[-78.798333,-1.148333],[-78.7975,-1.145],[-78.793333,-1.144167],[-78.793333,-1.143333],[-78.79,-1.143333],[-78.79,-1.1425],[-78.789167,-1.1425],[-78.789167,-1.1375],[-78.790833,-1.1375],[-78.790833,-1.135],[-78.789167,-1.134167],[-78.788333,-1.130833],[-78.789167,-1.130833],[-78.79,-1.129167],[-78.791667,-1.129167],[-78.791667,-1.128333],[-78.793333,-1.128333],[-78.793333,-1.1275],[-78.794167,-1.1275],[-78.794167,-1.125],[-78.795,-1.125],[-78.795,-1.124167],[-78.799167,-1.124167],[-78.799167,-1.123333],[-78.801667,-1.121667],[-78.801667,-1.120833],[-78.8025,-1.120833],[-78.803333,-1.116667],[-78.805833,-1.115],[-78.806667,-1.111667],[-78.809167,-1.111667],[-78.809167,-1.1125],[-78.810833,-1.1125],[-78.810833,-1.113333],[-78.814167,-1.1125],[-78.814167,-1.111667],[-78.820833,-1.111667],[-78.820833,-1.1125],[-78.821667,-1.1125],[-78.821667,-1.11],[-78.823333,-1.109167],[-78.823333,-1.106667],[-78.825,-1.106667],[-78.825,-1.105],[-78.830833,-1.105833],[-78.830833,-1.106667],[-78.839167,-1.105],[-78.839167,-1.104167],[-78.84,-1.104167],[-78.84,-1.103333],[-78.839167,-1.103333],[-78.84,-1.099167],[-78.838333,-1.098333],[-78.838333,-1.093333],[-78.839167,-1.093333],[-78.840833,-1.090833],[-78.841667,-1.090833],[-78.841667,-1.089167],[-78.8425,-1.089167],[-78.8425,-1.088333],[-78.844167,-1.088333],[-78.844167,-1.0875],[-78.845,-1.0875],[-78.844167,-1.083333],[-78.8425,-1.083333],[-78.841667,-1.08],[-78.84,-1.079167],[-78.84,-1.0775],[-78.840833,-1.0775],[-78.840833,-1.075833],[-78.841667,-1.075833],[-78.8425,-1.07],[-78.840833,-1.07],[-78.839167,-1.0675],[-78.838333,-1.0675],[-78.838333,-1.065833],[-78.8375,-1.065833],[-78.8375,-1.061667],[-78.836667,-1.061667],[-78.836667,-1.055],[-78.835833,-1.055],[-78.835833,-1.054167],[-78.836667,-1.054167],[-78.836667,-1.051667],[-78.8375,-1.051667],[-78.8375,-1.049167],[-78.836667,-1.049167],[-78.836667,-1.048333],[-78.8375,-1.048333],[-78.8375,-1.045],[-78.835833,-1.044167],[-78.835833,-1.04],[-78.836667,-1.04],[-78.836667,-1.038333],[-78.8375,-1.038333],[-78.8375,-1.035833],[-78.835833,-1.035],[-78.835833,-1.0325],[-78.834167,-1.031667],[-78.834167,-1.03],[-78.8325,-1.03],[-78.8325,-1.028333],[-78.831667,-1.028333],[-78.831667,-1.0225],[-78.830833,-1.0225],[-78.83,-1.020833],[-78.824167,-1.020833],[-78.824167,-1.02],[-78.821667,-1.02],[-78.82,-1.0175],[-78.8175,-1.0175],[-78.816667,-1.019167],[-78.811667,-1.019167],[-78.811667,-1.02],[-78.810833,-1.02],[-78.81,-1.018333],[-78.805,-1.0175],[-78.805,-1.016667],[-78.8025,-1.015],[-78.8025,-1.0125],[-78.801667,-1.0125],[-78.801667,-1.008333],[-78.8,-1.0075],[-78.8,-1.005],[-78.799167,-1.005],[-78.799167,-1.003333],[-78.798333,-1.003333],[-78.798333,-1.001667],[-78.7975,-1.001667],[-78.7975,-1.0],[-78.795833,-0.999167],[-78.795833,-0.998333],[-78.794167,-0.998333],[-78.794167,-0.9975],[-78.793333,-0.9975],[-78.793333,-0.994167],[-78.791667,-0.994167],[-78.791667,-0.9925],[-78.790833,-0.9925],[-78.790833,-0.990833],[-78.79,-0.990833],[-78.79,-0.99],[-78.7875,-0.99],[-78.7875,-0.986667],[-78.788333,-0.986667],[-78.788333,-0.985833],[-78.7925,-0.985833],[-78.7925,-0.985],[-78.795,-0.985],[-78.796667,-0.9825],[-78.798333,-0.9825],[-78.798333,-0.980833],[-78.8025,-0.980833],[-78.8025,-0.98],[-78.804167,-0.98],[-78.804167,-0.976667],[-78.805833,-0.975833],[-78.806667,-0.9725],[-78.808333,-0.971667],[-78.808333,-0.968333],[-78.809167,-0.968333],[-78.809167,-0.965],[-78.81,-0.965],[-78.809167,-0.959167],[-78.81,-0.959167],[-78.81,-0.958333],[-78.811667,-0.958333],[-78.811667,-0.945833],[-78.81,-0.945833],[-78.81,-0.945],[-78.809167,-0.945],[-78.809167,-0.944167],[-78.81,-0.944167],[-78.81,-0.9425],[-78.809167,-0.9425],[-78.809167,-0.941667],[-78.804167,-0.941667],[-78.804167,-0.940833],[-78.8025,-0.940833],[-78.8025,-0.941667],[-78.799167,-0.9425],[-78.799167,-0.940833],[-78.7975,-0.940833],[-78.796667,-0.935833],[-78.795833,-0.935833],[-78.796667,-0.93],[-78.795833,-0.93],[-78.795833,-0.926667],[-78.795,-0.926667],[-78.795,-0.924167],[-78.796667,-0.924167],[-78.798333,-0.921667],[-78.8,-0.9225],[-78.801667,-0.92],[-78.8075,-0.92],[-78.8075,-0.919167],[-78.808333,-0.919167],[-78.808333,-0.916667],[-78.809167,-0.916667],[-78.809167,-0.905],[-78.81,-0.905],[-78.81,-0.9025],[-78.8125,-0.9025],[-78.8125,-0.901667],[-78.814167,-0.900833],[-78.814167,-0.899167],[-78.815,-0.899167],[-78.815,-0.895],[-78.815833,-0.895],[-78.815833,-0.891667],[-78.815,-0.891667],[-78.814167,-0.888333],[-78.8125,-0.888333],[-78.8125,-0.880833],[-78.810833,-0.880833],[-78.810833,-0.879167],[-78.81,-0.879167],[-78.809167,-0.8775],[-78.8075,-0.8775],[-78.806667,-0.875833],[-78.805,-0.875833],[-78.805,-0.875],[-78.805833,-0.875],[-78.805833,-0.873333],[-78.805,-0.873333],[-78.805,-0.865833],[-78.808333,-0.863333],[-78.808333,-0.8575],[-78.8075,-0.8575],[-78.8075,-0.855833],[-78.806667,-0.855833],[-78.806667,-0.853333],[-78.805,-0.8525],[-78.805,-0.851667],[-78.805833,-0.851667],[-78.805833,-0.849167],[-78.806667,-0.849167],[-78.806667,-0.846667],[-78.805833,-0.846667],[-78.805833,-0.8425],[-78.805,-0.8425],[-78.805,-0.84],[-78.804167,-0.84],[-78.804167,-0.836667],[-78.803333,-0.836667],[-78.803333,-0.829167],[-78.804167,-0.829167],[-78.804167,-0.8275],[-78.805833,-0.8275],[-78.805833,-0.826667],[-78.806667,-0.826667],[-78.8075,-0.819167],[-78.808333,-0.819167],[-78.808333,-0.815833],[-78.805833,-0.815833],[-78.805833,-0.813333],[-78.805,-0.813333],[-78.805,-0.811667],[-78.804167,-0.811667],[-78.804167,-0.8075],[-78.8025,-0.8075],[-78.8025,-0.806667],[-78.798333,-0.806667],[-78.798333,-0.805833],[-78.795833,-0.805833],[-78.795833,-0.805],[-78.791667,-0.805],[-78.791667,-0.8025],[-78.7925,-0.8025],[-78.7925,-0.801667],[-78.790833,-0.800833],[-78.790833,-0.799167],[-78.79,-0.799167],[-78.79,-0.796667],[-78.789167,-0.796667],[-78.789167,-0.795833],[-78.785833,-0.795],[-78.785833,-0.793333],[-78.785,-0.793333],[-78.785,-0.7925],[-78.78,-0.793333],[-78.778333,-0.790833],[-78.776667,-0.790833],[-78.776667,-0.784167],[-78.7775,-0.784167],[-78.7775,-0.780833],[-78.776667,-0.780833],[-78.776667,-0.779167],[-78.775833,-0.779167],[-78.775833,-0.7775],[-78.775,-0.7775],[-78.775,-0.764167],[-78.773333,-0.764167],[-78.773333,-0.763333],[-78.7725,-0.763333],[-78.7725,-0.761667],[-78.771667,-0.761667],[-78.771667,-0.7575],[-78.770833,-0.7575],[-78.770833,-0.756667],[-78.769167,-0.756667],[-78.768333,-0.753333],[-78.766667,-0.7525],[-78.766667,-0.751667],[-78.7675,-0.751667],[-78.7675,-0.75],[-78.765,-0.75],[-78.765,-0.749167],[-78.765833,-0.749167],[-78.765833,-0.745833],[-78.766667,-0.745833],[-78.766667,-0.74],[-78.7675,-0.74],[-78.766667,-0.734167],[-78.765,-0.733333],[-78.764167,-0.735],[-78.7625,-0.735],[-78.761667,-0.736667],[-78.759167,-0.736667],[-78.759167,-0.735833],[-78.755,-0.735833],[-78.755,-0.735],[-78.7525,-0.735],[-78.7525,-0.734167],[-78.750833,-0.733333],[-78.750833,-0.730833],[-78.75,-0.730833],[-78.749167,-0.729167],[-78.7475,-0.729167],[-78.7475,-0.726667],[-78.746667,-0.726667],[-78.746667,-0.725],[-78.745833,-0.725],[-78.745833,-0.721667],[-78.745,-0.721667],[-78.745,-0.718333],[-78.743333,-0.7175],[-78.743333,-0.715833],[-78.741667,-0.715],[-78.741667,-0.711667],[-78.740833,-0.711667],[-78.74,-0.706667],[-78.739167,-0.706667],[-78.739167,-0.7025],[-78.738333,-0.7025],[-78.738333,-0.698333],[-78.739167,-0.698333],[-78.739167,-0.695833],[-78.735833,-0.695833],[-78.735833,-0.695],[-78.734167,-0.695],[-78.734167,-0.694167],[-78.7325,-0.694167],[-78.7325,-0.693333],[-78.728333,-0.693333],[-78.7275,-0.691667],[-78.725833,-0.691667],[-78.725,-0.69],[-78.723333,-0.69],[-78.723333,-0.688333],[-78.7225,-0.688333],[-78.721667,-0.685],[-78.72,-0.685],[-78.72,-0.6825],[-78.718333,-0.681667],[-78.718333,-0.679167],[-78.715,-0.676667],[-78.714167,-0.675],[-78.713333,-0.675],[-78.713333,-0.673333],[-78.7125,-0.673333],[-78.7125,-0.665833],[-78.714167,-0.665833],[-78.714167,-0.664167],[-78.715833,-0.663333],[-78.715833,-0.660833],[-78.715,-0.660833],[-78.715,-0.66],[-78.713333,-0.66],[-78.7125,-0.658333],[-78.71,-0.658333],[-78.709167,-0.66],[-78.704167,-0.66],[-78.704167,-0.659167],[-78.701667,-0.659167],[-78.701667,-0.658333],[-78.6925,-0.658333],[-78.6925,-0.66],[-78.689167,-0.660833],[-78.689167,-0.661667],[-78.686667,-0.661667],[-78.685833,-0.663333],[-78.685,-0.663333],[-78.685,-0.6625],[-78.681667,-0.6625],[-78.681667,-0.663333],[-78.68,-0.663333],[-78.68,-0.664167],[-78.678333,-0.664167],[-78.678333,-0.665],[-78.676667,-0.665],[-78.676667,-0.664167],[-78.670833,-0.664167],[-78.670833,-0.663333],[-78.668333,-0.663333],[-78.6675,-0.661667],[-78.666667,-0.661667],[-78.666667,-0.6625],[-78.664167,-0.6625],[-78.664167,-0.663333],[-78.66,-0.6625],[-78.66,-0.663333],[-78.659167,-0.663333],[-78.659167,-0.665],[-78.653333,-0.665],[-78.653333,-0.664167],[-78.650833,-0.664167],[-78.650833,-0.663333],[-78.648333,-0.661667],[-78.649167,-0.66],[-78.648333,-0.66],[-78.648333,-0.659167],[-78.646667,-0.659167],[-78.646667,-0.658333],[-78.645,-0.658333],[-78.645,-0.6575],[-78.644167,-0.6575],[-78.644167,-0.655833],[-78.641667,-0.655833],[-78.641667,-0.653333],[-78.640833,-0.653333],[-78.64,-0.651667],[-78.626667,-0.651667],[-78.626667,-0.6525],[-78.624167,-0.6525],[-78.624167,-0.653333],[-78.623333,-0.653333],[-78.623333,-0.651667],[-78.621667,-0.651667],[-78.621667,-0.650833],[-78.62,-0.65],[-78.62,-0.646667],[-78.618333,-0.646667],[-78.6175,-0.645],[-78.614167,-0.645833],[-78.614167,-0.646667],[-78.613333,-0.646667],[-78.613333,-0.648333],[-78.61,-0.648333],[-78.61,-0.649167],[-78.6075,-0.649167],[-78.606667,-0.6475],[-78.600833,-0.6475],[-78.600833,-0.648333],[-78.599167,-0.648333],[-78.599167,-0.649167],[-78.5975,-0.65],[-78.5975,-0.650833],[-78.598333,-0.650833],[-78.598333,-0.6525],[-78.5975,-0.6525],[-78.5975,-0.653333],[-78.5925,-0.653333],[-78.5925,-0.648333],[-78.590833,-0.6475],[-78.590833,-0.645833],[-78.5875,-0.645833],[-78.5875,-0.645],[-78.588333,-0.645],[-78.588333,-0.6425],[-78.586667,-0.6425],[-78.586667,-0.641667],[-78.583333,-0.641667],[-78.583333,-0.640833],[-78.5825,-0.640833],[-78.5825,-0.639167],[-78.584167,-0.639167],[-78.584167,-0.638333],[-78.5825,-0.6375],[-78.581667,-0.635833],[-78.58,-0.636667],[-78.58,-0.635833],[-78.578333,-0.635],[-78.578333,-0.6325],[-78.579167,-0.6325],[-78.579167,-0.621667],[-78.5775,-0.621667],[-78.5775,-0.620833],[-78.578333,-0.620833],[-78.578333,-0.616667],[-78.575833,-0.616667],[-78.575833,-0.614167],[-78.575,-0.614167],[-78.575,-0.613333],[-78.573333,-0.613333],[-78.573333,-0.6125],[-78.570833,-0.6125],[-78.570833,-0.611667],[-78.566667,-0.611667],[-78.566667,-0.6075],[-78.563333,-0.6075],[-78.563333,-0.606667],[-78.561667,-0.606667],[-78.561667,-0.605],[-78.555,-0.605],[-78.554167,-0.603333],[-78.5525,-0.603333],[-78.5525,-0.6025],[-78.546667,-0.6025],[-78.546667,-0.601667],[-78.540833,-0.601667],[-78.540833,-0.6025],[-78.538333,-0.6025],[-78.5375,-0.604167],[-78.5325,-0.604167],[-78.531667,-0.6025],[-78.528333,-0.6025],[-78.528333,-0.601667],[-78.5225,-0.601667],[-78.520833,-0.599167],[-78.519167,-0.599167],[-78.519167,-0.598333],[-78.518333,-0.598333],[-78.518333,-0.595833],[-78.515833,-0.594167],[-78.515833,-0.593333],[-78.5125,-0.593333],[-78.5125,-0.594167],[-78.511667,-0.594167],[-78.511667,-0.595833],[-78.509167,-0.5975],[-78.508333,-0.600833],[-78.504167,-0.601667],[-78.504167,-0.604167],[-78.5025,-0.604167],[-78.5025,-0.6075],[-78.501667,-0.6075],[-78.501667,-0.608333],[-78.4975,-0.608333],[-78.4975,-0.61],[-78.494167,-0.610833],[-78.494167,-0.611667],[-78.4925,-0.611667],[-78.4925,-0.6125],[-78.49,-0.6125],[-78.49,-0.613333],[-78.488333,-0.613333],[-78.488333,-0.614167],[-78.486667,-0.614167],[-78.486667,-0.615],[-78.485,-0.615833],[-78.485,-0.618333],[-78.485833,-0.618333],[-78.485833,-0.619167],[-78.485,-0.619167],[-78.485,-0.621667],[-78.483333,-0.621667],[-78.483333,-0.6225],[-78.4825,-0.6225],[-78.4825,-0.625833],[-78.481667,-0.625833],[-78.481667,-0.626667],[-78.48,-0.626667],[-78.479167,-0.628333],[-78.476667,-0.628333],[-78.476667,-0.63],[-78.4725,-0.629167],[-78.4725,-0.63],[-78.47,-0.63],[-78.47,-0.630833],[-78.469167,-0.630833],[-78.4675,-0.636667],[-78.463333,-0.6375],[-78.463333,-0.639167],[-78.4625,-0.639167],[-78.4625,-0.640833],[-78.461667,-0.640833],[-78.461667,-0.643333],[-78.4625,-0.643333],[-78.461667,-0.645],[-78.455833,-0.644167],[-78.455,-0.645833],[-78.453333,-0.646667],[-78.453333,-0.649167],[-78.454167,-0.649167],[-78.454167,-0.65],[-78.451667,-0.651667],[-78.451667,-0.656667],[-78.450833,-0.656667],[-78.450833,-0.658333],[-78.45,-0.658333],[-78.449167,-0.664167],[-78.448333,-0.664167],[-78.448333,-0.665833],[-78.4475,-0.665833],[-78.4475,-0.67],[-78.445833,-0.67],[-78.445833,-0.670833],[-78.444167,-0.670833],[-78.443333,-0.6725],[-78.441667,-0.6725],[-78.441667,-0.673333],[-78.440833,-0.673333],[-78.440833,-0.675],[-78.44,-0.675],[-78.44,-0.676667],[-78.439167,-0.676667],[-78.439167,-0.679167],[-78.438333,-0.679167],[-78.438333,-0.68],[-78.435833,-0.68],[-78.435833,-0.680833],[-78.434167,-0.680833],[-78.433333,-0.684167],[-78.428333,-0.683333],[-78.428333,-0.6825],[-78.425,-0.6825],[-78.425,-0.683333],[-78.4075,-0.680833],[-78.4075,-0.681646],[-78.400833,-0.679813],[-78.400833,-0.678333],[-78.396667,-0.678333],[-78.396667,-0.6775],[-78.393333,-0.6775],[-78.393333,-0.676667],[-78.391667,-0.676667],[-78.391667,-0.677292],[-78.383333,-0.675],[-78.383333,-0.674167],[-78.380303,-0.674167],[-78.35,-0.665833],[-78.345833,-0.665557],[-78.345,-0.664167],[-78.343333,-0.664167],[-78.343333,-0.663333],[-78.3425,-0.663333],[-78.3425,-0.660833],[-78.341667,-0.660833],[-78.341667,-0.66],[-78.34,-0.66],[-78.34,-0.659167],[-78.336667,-0.659167],[-78.336667,-0.658333],[-78.334167,-0.658333],[-78.334167,-0.6575],[-78.330833,-0.6575],[-78.330833,-0.656667],[-78.33,-0.656667],[-78.33,-0.6525],[-78.329167,-0.6525],[-78.329167,-0.649167],[-78.328333,-0.649167],[-78.328333,-0.645833],[-78.329167,-0.645833],[-78.329167,-0.645],[-78.325833,-0.643333],[-78.325833,-0.640833],[-78.325,-0.640833],[-78.325833,-0.636667],[-78.325,-0.636667],[-78.325,-0.634167],[-78.323333,-0.633333],[-78.3225,-0.629167],[-78.32,-0.6275],[-78.32,-0.625],[-78.320833,-0.625],[-78.320833,-0.620833],[-78.3225,-0.62],[-78.3225,-0.616667],[-78.326667,-0.615833],[-78.325833,-0.611667],[-78.324167,-0.610833],[-78.324167,-0.609167],[-78.3225,-0.608333],[-78.3225,-0.605833],[-78.321667,-0.605833],[-78.321667,-0.604167],[-78.320833,-0.604167],[-78.320833,-0.5975],[-78.32,-0.5975],[-78.32,-0.580833],[-78.320833,-0.580833],[-78.320833,-0.5775],[-78.321667,-0.5775],[-78.321667,-0.575833],[-78.3225,-0.575833],[-78.3225,-0.573333],[-78.32,-0.573333],[-78.32,-0.574167],[-78.309167,-0.574167],[-78.3075,-0.576667],[-78.299167,-0.5775],[-78.299167,-0.576667],[-78.2975,-0.576667],[-78.2975,-0.575833],[-78.293333,-0.576667],[-78.293333,-0.575],[-78.2925,-0.575],[-78.2925,-0.574167],[-78.29,-0.574167],[-78.289167,-0.5725],[-78.285,-0.5725],[-78.285,-0.571667],[-78.284167,-0.571667],[-78.284167,-0.568333],[-78.285,-0.568333],[-78.285,-0.566667],[-78.284167,-0.566667],[-78.284167,-0.565],[-78.2825,-0.564167],[-78.283333,-0.5625],[-78.2825,-0.5625],[-78.2825,-0.561667],[-78.280833,-0.561667],[-78.280833,-0.56],[-78.279167,-0.559167],[-78.279167,-0.556667],[-78.278333,-0.556667],[-78.2775,-0.555],[-78.276667,-0.555],[-78.276667,-0.554167],[-78.274167,-0.5525],[-78.274167,-0.550833],[-78.273333,-0.550833],[-78.273333,-0.549167],[-78.2725,-0.549167],[-78.273333,-0.545],[-78.271667,-0.544167],[-78.271667,-0.5425],[-78.269167,-0.5425],[-78.269167,-0.541667],[-78.27,-0.541667],[-78.27,-0.538333],[-78.270833,-0.538333],[-78.270833,-0.536667],[-78.268333,-0.536667],[-78.2675,-0.535],[-78.266667,-0.535],[-78.266667,-0.529167],[-78.265833,-0.529167],[-78.265833,-0.528333],[-78.268333,-0.526667],[-78.2675,-0.518333],[-78.268333,-0.518333],[-78.268333,-0.5175],[-78.27,-0.5175],[-78.269167,-0.509167],[-78.265,-0.509167],[-78.263333,-0.505833],[-78.26,-0.505],[-78.259167,-0.503333],[-78.2575,-0.503333],[-78.2575,-0.5025],[-78.255,-0.5025],[-78.255,-0.500833],[-78.254167,-0.500833],[-78.254167,-0.496667],[-78.253333,-0.496667],[-78.253333,-0.494167],[-78.2525,-0.494167],[-78.2525,-0.49],[-78.250833,-0.489167],[-78.250833,-0.4875],[-78.25,-0.4875],[-78.25,-0.483333],[-78.249167,-0.483333],[-78.25,-0.475833],[-78.248333,-0.475],[-78.248333,-0.4725],[-78.2475,-0.4725],[-78.2475,-0.470833],[-78.246667,-0.470833],[-78.246667,-0.46],[-78.243333,-0.46],[-78.2425,-0.461667],[-78.241667,-0.461667],[-78.241667,-0.460833],[-78.239167,-0.460833],[-78.239167,-0.46],[-78.238333,-0.46],[-78.238333,-0.4575],[-78.236667,-0.456667],[-78.236667,-0.4525],[-78.235833,-0.4525],[-78.235833,-0.451667],[-78.234167,-0.451667],[-78.234167,-0.450833],[-78.235,-0.450833],[-78.235,-0.448333],[-78.235833,-0.448333],[-78.235833,-0.441667],[-78.236667,-0.441667],[-78.236667,-0.440833],[-78.235833,-0.440833],[-78.235833,-0.435],[-78.239167,-0.433333],[-78.24,-0.43],[-78.241667,-0.43],[-78.241667,-0.429167],[-78.2425,-0.429167],[-78.2425,-0.4275],[-78.245833,-0.4275],[-78.245833,-0.426667],[-78.2475,-0.426667],[-78.2475,-0.425833],[-78.248333,-0.425833],[-78.248333,-0.420833],[-78.249167,-0.420833],[-78.249167,-0.418333],[-78.251667,-0.416667],[-78.251667,-0.413333],[-78.2525,-0.413333],[-78.2525,-0.411667],[-78.253333,-0.411667],[-78.253333,-0.410833],[-78.254167,-0.410833],[-78.255,-0.405833],[-78.253333,-0.405],[-78.253333,-0.404167],[-78.251667,-0.404167],[-78.251667,-0.403333],[-78.25,-0.4025],[-78.249167,-0.400833],[-78.2475,-0.400833],[-78.246667,-0.399167],[-78.245833,-0.399167],[-78.245833,-0.396667],[-78.244167,-0.395833],[-78.244167,-0.393333],[-78.243333,-0.393333],[-78.243333,-0.383333],[-78.2425,-0.383333],[-78.2425,-0.3825],[-78.240833,-0.3825],[-78.240833,-0.381667],[-78.239167,-0.381667],[-78.239167,-0.380833],[-78.236667,-0.380833],[-78.236667,-0.38],[-78.2325,-0.379167],[-78.2325,-0.378333],[-78.231667,-0.378333],[-78.230833,-0.375],[-78.229167,-0.374167],[-78.229167,-0.371667],[-78.2275,-0.371667],[-78.2275,-0.370833],[-78.226667,-0.370833],[-78.226667,-0.369167],[-78.225,-0.369167],[-78.225,-0.364167],[-78.224167,-0.364167],[-78.224167,-0.363333],[-78.219167,-0.363333],[-78.219167,-0.3625],[-78.215833,-0.3625],[-78.215833,-0.361667],[-78.215,-0.361667],[-78.215833,-0.36],[-78.215,-0.36],[-78.215,-0.3575],[-78.214167,-0.3575],[-78.214167,-0.355],[-78.213333,-0.355],[-78.2125,-0.351667],[-78.21,-0.351667],[-78.21,-0.349167],[-78.2075,-0.3475],[-78.2075,-0.345],[-78.206667,-0.345],[-78.206667,-0.343333],[-78.205833,-0.343333],[-78.205833,-0.3425],[-78.206667,-0.3425],[-78.206667,-0.34],[-78.205833,-0.34],[-78.205,-0.336667],[-78.204167,-0.336667],[-78.204167,-0.335833],[-78.2025,-0.335833],[-78.2025,-0.3325],[-78.200833,-0.3325],[-78.200833,-0.331667],[-78.2,-0.331667],[-78.199167,-0.328333],[-78.1975,-0.328333],[-78.195833,-0.325833],[-78.1925,-0.325],[-78.1925,-0.3225],[-78.191667,-0.3225],[-78.191667,-0.320833],[-78.190833,-0.320833],[-78.190833,-0.315],[-78.193333,-0.313333],[-78.193333,-0.31],[-78.194167,-0.31],[-78.193333,-0.308333],[-78.194167,-0.308333],[-78.195,-0.305],[-78.194167,-0.305],[-78.194167,-0.304167],[-78.191667,-0.304167],[-78.191667,-0.299167],[-78.193333,-0.298333],[-78.193333,-0.2975],[-78.191667,-0.296667],[-78.190833,-0.29],[-78.188333,-0.29],[-78.188333,-0.289167],[-78.1875,-0.289167],[-78.1875,-0.281667],[-78.190833,-0.281667],[-78.190833,-0.2725],[-78.19,-0.2725],[-78.19,-0.270833],[-78.188333,-0.27],[-78.188333,-0.268333],[-78.1875,-0.268333],[-78.1875,-0.2675],[-78.185833,-0.2675],[-78.185833,-0.265833],[-78.185,-0.265833],[-78.185,-0.2625],[-78.186667,-0.2625],[-78.186667,-0.261667],[-78.1875,-0.261667],[-78.1875,-0.26],[-78.189167,-0.259167],[-78.189167,-0.258333],[-78.19,-0.258333],[-78.19,-0.256667],[-78.190833,-0.256667],[-78.19,-0.255],[-78.188333,-0.255],[-78.188333,-0.253333],[-78.1875,-0.253333],[-78.1875,-0.246667],[-78.188333,-0.246667],[-78.188333,-0.240833],[-78.189167,-0.240833],[-78.189167,-0.238333],[-78.185833,-0.238333],[-78.185833,-0.236667],[-78.185,-0.236667],[-78.185,-0.235833],[-78.185833,-0.235833],[-78.185833,-0.234167],[-78.185,-0.234167],[-78.185833,-0.229167],[-78.189167,-0.229167],[-78.189167,-0.228333],[-78.19,-0.228333],[-78.19,-0.225833],[-78.188333,-0.225],[-78.188333,-0.223333],[-78.186667,-0.2225],[-78.186667,-0.218333],[-78.188333,-0.218333],[-78.188333,-0.216667],[-78.186667,-0.215833],[-78.186667,-0.215],[-78.1875,-0.215],[-78.1875,-0.214167],[-78.19,-0.214167],[-78.19,-0.213333],[-78.191667,-0.213333],[-78.191667,-0.2125],[-78.1925,-0.2125],[-78.1925,-0.210833],[-78.193333,-0.210833],[-78.193333,-0.21],[-78.191667,-0.209167],[-78.191667,-0.2075],[-78.190833,-0.2075],[-78.191667,-0.203333],[-78.190833,-0.203333],[-78.189167,-0.200833],[-78.188333,-0.200833],[-78.188333,-0.195833],[-78.186667,-0.195833],[-78.185833,-0.194167],[-78.184167,-0.194167],[-78.184167,-0.193333],[-78.1825,-0.1925],[-78.1825,-0.190833],[-78.181667,-0.190833],[-78.181667,-0.19],[-78.180833,-0.19],[-78.18,-0.191667],[-78.1775,-0.193333],[-78.1775,-0.195],[-78.1725,-0.194167],[-78.171667,-0.1925],[-78.17,-0.1925],[-78.17,-0.191667],[-78.169167,-0.191667],[-78.169167,-0.19],[-78.1675,-0.189167],[-78.1675,-0.1875],[-78.166667,-0.1875],[-78.166667,-0.186667],[-78.161667,-0.186667],[-78.160833,-0.185],[-78.159167,-0.185],[-78.159167,-0.184167],[-78.158333,-0.184167],[-78.158333,-0.1825],[-78.1575,-0.1825],[-78.1575,-0.176667],[-78.156667,-0.176667],[-78.156667,-0.175],[-78.155,-0.174167],[-78.155,-0.1725],[-78.149167,-0.173333],[-78.149167,-0.1725],[-78.1475,-0.1725],[-78.1475,-0.171667],[-78.145833,-0.171667],[-78.145833,-0.170833],[-78.1425,-0.170833],[-78.1425,-0.169167],[-78.140833,-0.168333],[-78.14,-0.166667],[-78.131667,-0.1675],[-78.131667,-0.169167],[-78.130833,-0.169167],[-78.129167,-0.171667],[-78.128333,-0.171667],[-78.128333,-0.176667],[-78.129167,-0.176667],[-78.129167,-0.178333],[-78.125,-0.179167],[-78.125,-0.18],[-78.124167,-0.18],[-78.124167,-0.181667],[-78.123333,-0.181667],[-78.123333,-0.180833],[-78.12,-0.180833],[-78.119167,-0.179167],[-78.114167,-0.179167],[-78.113333,-0.180833],[-78.109167,-0.180833],[-78.109167,-0.18],[-78.1075,-0.18],[-78.106667,-0.181667],[-78.105833,-0.181667],[-78.105833,-0.185833],[-78.105,-0.185833],[-78.104167,-0.1875],[-78.1025,-0.188333],[-78.1025,-0.189167],[-78.100833,-0.189167],[-78.1,-0.190833],[-78.098333,-0.190833],[-78.098333,-0.189167],[-78.096667,-0.188333],[-78.096667,-0.186667],[-78.094167,-0.185],[-78.094167,-0.183333],[-78.0925,-0.183333],[-78.0925,-0.181667],[-78.091667,-0.181667],[-78.091667,-0.180833],[-78.09,-0.180833],[-78.09,-0.1825],[-78.088333,-0.183333],[-78.088333,-0.185833],[-78.085,-0.188333],[-78.085,-0.189167],[-78.081667,-0.188333],[-78.081667,-0.186667],[-78.08,-0.185833],[-78.079167,-0.181667],[-78.078333,-0.181667],[-78.078333,-0.1825],[-78.076667,-0.1825],[-78.075833,-0.184167],[-78.071667,-0.184167],[-78.071667,-0.183333],[-78.07,-0.1825],[-78.07,-0.175833],[-78.061667,-0.175],[-78.061667,-0.173333],[-78.060833,-0.173333],[-78.061667,-0.168333],[-78.060833,-0.168333],[-78.060833,-0.1675],[-78.059167,-0.166667],[-78.0575,-0.164167],[-78.055,-0.164167],[-78.054167,-0.158333],[-78.055,-0.158333],[-78.055833,-0.150833],[-78.055,-0.150833],[-78.055,-0.15],[-78.053333,-0.15],[-78.053333,-0.149167],[-78.05,-0.149167],[-78.05,-0.1475],[-78.048333,-0.146667],[-78.048333,-0.145],[-78.0475,-0.145],[-78.0475,-0.143333],[-78.046667,-0.143333],[-78.046667,-0.141667],[-78.045,-0.141667],[-78.044167,-0.14],[-78.0425,-0.14],[-78.041667,-0.138333],[-78.04,-0.138333],[-78.04,-0.1375],[-78.039167,-0.1375],[-78.039167,-0.138333],[-78.036667,-0.138333],[-78.035833,-0.14],[-78.030833,-0.14],[-78.03,-0.138333],[-78.0275,-0.138333],[-78.0275,-0.1375],[-78.026667,-0.1375],[-78.026667,-0.138333],[-78.025,-0.138333],[-78.025,-0.139167],[-78.020833,-0.139167],[-78.020833,-0.14],[-78.0175,-0.14],[-78.0175,-0.139167],[-78.015833,-0.139167],[-78.015833,-0.138333],[-78.014167,-0.138333],[-78.014167,-0.1375],[-78.015,-0.1375],[-78.015,-0.134167],[-78.0125,-0.1325],[-78.0125,-0.131667],[-78.009167,-0.131667],[-78.0075,-0.128333],[-78.005833,-0.128333],[-78.005833,-0.1275],[-78.004167,-0.1275],[-78.004167,-0.126667],[-78.001667,-0.126667],[-78.000833,-0.128333],[-77.999167,-0.1275],[-77.999167,-0.121667],[-78.0,-0.121667],[-78.0,-0.119167],[-77.999167,-0.119167],[-77.999167,-0.1175],[-77.998333,-0.1175],[-77.9975,-0.113333],[-77.996667,-0.113333],[-77.996667,-0.111667],[-77.995833,-0.111667],[-77.995,-0.11],[-77.990833,-0.11],[-77.990833,-0.109167],[-77.99,-0.109167],[-77.99,-0.105],[-77.9925,-0.105],[-77.9925,-0.101667],[-77.993333,-0.101667],[-77.993333,-0.1],[-77.994167,-0.1],[-77.994167,-0.096667],[-77.995,-0.096667],[-77.995833,-0.095],[-77.999167,-0.095],[-77.999167,-0.086667],[-77.9975,-0.085833],[-77.996667,-0.0825],[-77.995833,-0.0825],[-77.995833,-0.08],[-77.9975,-0.08],[-77.9975,-0.079167],[-77.998333,-0.079167],[-77.998333,-0.0775],[-78.0,-0.076667],[-78.000833,-0.075],[-78.001667,-0.075],[-78.001667,-0.071667],[-78.003333,-0.070833],[-78.003333,-0.0675],[-78.0025,-0.0675],[-78.0025,-0.066667],[-78.000833,-0.066667],[-78.0,-0.065],[-77.998333,-0.065],[-77.9975,-0.063333],[-77.996667,-0.063333],[-77.996667,-0.0625],[-77.995833,-0.0625],[-77.994167,-0.06],[-77.9925,-0.059167],[-77.9925,-0.058333],[-77.989167,-0.058333],[-77.989167,-0.0575],[-77.99,-0.0575],[-77.99,-0.055833],[-77.990833,-0.055833],[-77.990833,-0.054167],[-77.991667,-0.054167],[-77.991667,-0.050833],[-77.990833,-0.050833],[-77.990833,-0.05],[-77.991667,-0.05],[-77.991667,-0.043333],[-77.99,-0.0425],[-77.99,-0.041667],[-77.988333,-0.041667],[-77.99,-0.0375],[-77.988333,-0.0375],[-77.988333,-0.036667],[-77.9875,-0.036667],[-77.9875,-0.035],[-77.986667,-0.035],[-77.986667,-0.028333],[-77.9875,-0.028333],[-77.9875,-0.026667],[-77.988333,-0.026667],[-77.988333,-0.024167],[-77.99,-0.024167],[-77.99,-0.023333],[-77.990833,-0.023333],[-77.990833,-0.016667],[-77.991667,-0.016667],[-77.991667,-0.015],[-77.99,-0.014167],[-77.99,-0.0125],[-77.9875,-0.0125],[-77.9875,-0.010833],[-77.989167,-0.01],[-77.989167,-0.008333],[-77.990833,-0.0075],[-77.990833,-0.005],[-77.991667,-0.005],[-77.991667,-0.004167],[-77.993333,-0.004167],[-77.993333,-0.001667],[-77.991667,-0.001667],[-77.991667,0.0],[-77.990833,0.0],[-77.990833,0.003333],[-77.99,0.003333],[-77.99,0.005],[-77.990833,0.005],[-77.990833,0.006667],[-77.991667,0.006667],[-77.991667,0.008333],[-77.9925,0.008333],[-77.9925,0.009167],[-77.994167,0.009167],[-77.994167,0.011667],[-77.9925,0.011667],[-77.9925,0.013333],[-77.993333,0.013333],[-77.993333,0.014167],[-77.9925,0.014167],[-77.9925,0.015],[-77.99,0.016667],[-77.99,0.0175],[-77.990833,0.0175],[-77.990833,0.021667],[-77.988333,0.023333],[-77.988333,0.025833],[-77.994167,0.026667],[-77.995,0.025],[-77.998333,0.025],[-77.998333,0.028333],[-77.999167,0.028333],[-77.999167,0.029167],[-78.0025,0.029167],[-78.0025,0.033333],[-78.003333,0.033333],[-78.003333,0.035],[-78.004167,0.035],[-78.004167,0.0375],[-78.005,0.0375],[-78.005,0.041667],[-78.005833,0.041667],[-78.005833,0.044167],[-78.005,0.044167],[-78.005,0.045],[-78.005833,0.045],[-78.005833,0.0475],[-78.003333,0.049167],[-78.003333,0.050833],[-78.001667,0.051667],[-78.000833,0.055833],[-77.999167,0.055833],[-77.999167,0.056667],[-77.995833,0.056667],[-77.995833,0.0575],[-77.995,0.0575],[-77.995,0.060833],[-77.993333,0.060833],[-77.993333,0.0625],[-77.991667,0.063333],[-77.991667,0.065],[-77.99,0.065833],[-77.99,0.068333],[-77.989167,0.068333],[-77.989167,0.069167],[-77.9875,0.069167],[-77.986667,0.070833],[-77.985833,0.070833],[-77.985833,0.0725],[-77.985,0.0725],[-77.985,0.075833],[-77.983333,0.076667],[-77.983333,0.079167],[-77.9825,0.079167],[-77.9825,0.081667],[-77.981667,0.081667],[-77.98,0.084167],[-77.979167,0.084167],[-77.979167,0.086667],[-77.98,0.086667],[-77.98,0.0875],[-77.979167,0.0875],[-77.979167,0.09],[-77.978333,0.09],[-77.978333,0.095],[-77.9775,0.095],[-77.9775,0.095833],[-77.975833,0.095833],[-77.975833,0.1025],[-77.979167,0.1025],[-77.979167,0.104167],[-77.98,0.104167],[-77.98,0.1075],[-77.978333,0.108333],[-77.978333,0.110833],[-77.9775,0.110833],[-77.9775,0.111667],[-77.975833,0.111667],[-77.975,0.1175],[-77.974167,0.1175],[-77.974167,0.1225],[-77.9725,0.123333],[-77.9725,0.125833],[-77.973333,0.125833],[-77.973333,0.1275],[-77.975,0.1275],[-77.975,0.129167],[-77.974167,0.129167],[-77.973333,0.133333],[-77.970833,0.135],[-77.970833,0.136667],[-77.97,0.136667],[-77.97,0.139167],[-77.971667,0.14],[-77.971667,0.144167],[-77.970833,0.144167],[-77.970833,0.145833],[-77.968333,0.1475],[-77.968333,0.148333],[-77.9675,0.148333],[-77.9675,0.149167],[-77.966667,0.149167],[-77.966667,0.150833],[-77.965,0.151667],[-77.965,0.153333],[-77.964167,0.153333],[-77.964167,0.159167],[-77.9625,0.159167],[-77.9625,0.16],[-77.959167,0.16],[-77.959167,0.159167],[-77.955,0.158333],[-77.954167,0.161667],[-77.9525,0.161667],[-77.951667,0.163333],[-77.950833,0.163333],[-77.950833,0.165],[-77.948333,0.165],[-77.948333,0.169167],[-77.9475,0.169167],[-77.9475,0.17],[-77.945833,0.17],[-77.945,0.174167],[-77.943333,0.174167],[-77.943333,0.175],[-77.9425,0.175],[-77.9425,0.1775],[-77.941667,0.1775],[-77.940833,0.180833],[-77.9375,0.180833],[-77.9375,0.179167],[-77.935833,0.178333],[-77.935833,0.1775],[-77.933333,0.1775],[-77.933333,0.178333],[-77.9275,0.178333],[-77.9275,0.18],[-77.926667,0.18],[-77.926667,0.180833],[-77.924167,0.180833],[-77.924167,0.1825],[-77.923333,0.1825],[-77.923333,0.185833],[-77.925,0.185833],[-77.925,0.188333],[-77.924167,0.188333],[-77.924167,0.19],[-77.923333,0.19],[-77.923333,0.193333],[-77.925,0.194167],[-77.925,0.198333],[-77.920833,0.198333],[-77.92,0.2],[-77.918333,0.2],[-77.918333,0.200833],[-77.916667,0.200833],[-77.916667,0.201667],[-77.913333,0.2025],[-77.913333,0.204167],[-77.9125,0.204167],[-77.9125,0.205],[-77.909167,0.205],[-77.909167,0.205833],[-77.904167,0.205833],[-77.9025,0.203333],[-77.899167,0.203333],[-77.899167,0.204167],[-77.894167,0.205],[-77.894167,0.204167],[-77.8925,0.204167],[-77.8925,0.203333],[-77.89,0.203333],[-77.89,0.2025],[-77.886667,0.201667],[-77.886667,0.200833],[-77.885,0.200833],[-77.885,0.201667],[-77.8825,0.201667],[-77.8825,0.2025],[-77.879167,0.203333],[-77.879167,0.204167],[-77.8775,0.204167],[-77.8775,0.205],[-77.874167,0.205],[-77.874167,0.206667],[-77.870833,0.208333],[-77.870833,0.211667],[-77.871667,0.211667],[-77.871667,0.213333],[-77.8725,0.213333],[-77.8725,0.218333],[-77.870833,0.219167],[-77.87,0.220833],[-77.868333,0.220833],[-77.8675,0.2275],[-77.865833,0.228333],[-77.865833,0.2325],[-77.864167,0.2325],[-77.864167,0.233333],[-77.860833,0.233333],[-77.86,0.2375],[-77.855833,0.238333],[-77.855,0.24],[-77.849167,0.24],[-77.849167,0.243333],[-77.85,0.243333],[-77.85,0.245],[-77.850833,0.245],[-77.850833,0.2475],[-77.851667,0.2475],[-77.851667,0.248333],[-77.849167,0.248333],[-77.849167,0.25],[-77.848333,0.25],[-77.848333,0.251667],[-77.8475,0.251667],[-77.848333,0.258333],[-77.8475,0.258333],[-77.8475,0.259167],[-77.845833,0.259167],[-77.844167,0.261667],[-77.840833,0.261667],[-77.840833,0.2625],[-77.839167,0.2625],[-77.839167,0.263333],[-77.838333,0.263333],[-77.838333,0.264167],[-77.836667,0.264167],[-77.835833,0.265833],[-77.831667,0.266667],[-77.831667,0.2675],[-77.830833,0.2675],[-77.830833,0.271667],[-77.828333,0.273333],[-77.829167,0.275],[-77.831667,0.275],[-77.8325,0.276667],[-77.838333,0.275833],[-77.838333,0.279167],[-77.844167,0.279167],[-77.844167,0.28],[-77.845833,0.28],[-77.846667,0.286667],[-77.8475,0.286667],[-77.8475,0.288333],[-77.849167,0.288333],[-77.849167,0.291667],[-77.848333,0.291667],[-77.848333,0.293333],[-77.8475,0.293333],[-77.8475,0.295],[-77.846667,0.295],[-77.846667,0.2975],[-77.85,0.2975],[-77.85,0.3],[-77.851667,0.3],[-77.851667,0.300833],[-77.850833,0.300833],[-77.850833,0.303333],[-77.85,0.303333],[-77.85,0.3075],[-77.848333,0.3075],[-77.848333,0.308333],[-77.844167,0.308333],[-77.844167,0.309167],[-77.8425,0.309167],[-77.8425,0.31],[-77.840833,0.31],[-77.840833,0.310833],[-77.835833,0.311667],[-77.835833,0.315],[-77.835,0.315],[-77.835,0.316667],[-77.833333,0.3175],[-77.833333,0.318333],[-77.831667,0.318333],[-77.831667,0.320833],[-77.830833,0.320833],[-77.830833,0.321667],[-77.828333,0.321667],[-77.826667,0.324167],[-77.824167,0.324167],[-77.824167,0.325],[-77.823333,0.325],[-77.8225,0.330833],[-77.825,0.330833],[-77.825,0.334167],[-77.8225,0.335833],[-77.821667,0.3375],[-77.820833,0.3375],[-77.820833,0.339167],[-77.819167,0.34],[-77.819167,0.345],[-77.818333,0.345],[-77.8175,0.348333],[-77.813333,0.348333],[-77.813333,0.349167],[-77.8125,0.349167],[-77.811667,0.3525],[-77.810833,0.3525],[-77.810833,0.355],[-77.8125,0.355833],[-77.8125,0.356667],[-77.811667,0.356667],[-77.811667,0.358333],[-77.81,0.359167],[-77.81,0.361667],[-77.806667,0.363333],[-77.806667,0.365],[-77.804167,0.365],[-77.8025,0.3675],[-77.798333,0.3675],[-77.7975,0.369167],[-77.795833,0.369167],[-77.795833,0.37],[-77.796667,0.37],[-77.796667,0.371667],[-77.7975,0.371667],[-77.7975,0.374167],[-77.798333,0.374167],[-77.798333,0.378089],[-77.7975,0.38],[-77.795833,0.38],[-77.795833,0.3825],[-77.796667,0.3825],[-77.796667,0.385],[-77.7975,0.385],[-77.7975,0.388333],[-77.798333,0.388333],[-77.798333,0.389167],[-77.800833,0.389167],[-77.800833,0.394167],[-77.801667,0.394167],[-77.801667,0.396667],[-77.8025,0.396667],[-77.8025,0.4],[-77.804167,0.4],[-77.804167,0.400833],[-77.808333,0.400833],[-77.808333,0.4025],[-77.810833,0.4025],[-77.811667,0.404167],[-77.813333,0.404167],[-77.8125,0.41],[-77.810833,0.410833],[-77.810833,0.4125],[-77.81,0.4125],[-77.81,0.413333],[-77.806667,0.414167],[-77.806667,0.4175],[-77.805833,0.4175],[-77.805833,0.419167],[-77.804167,0.42],[-77.804167,0.424167],[-77.805833,0.424167],[-77.805833,0.425],[-77.806667,0.425],[-77.806667,0.426667],[-77.8075,0.426667],[-77.8075,0.4275],[-77.805833,0.428333],[-77.805,0.43],[-77.799167,0.430833],[-77.799167,0.431667],[-77.7975,0.431667],[-77.795833,0.434167],[-77.794167,0.434167],[-77.794167,0.435833],[-77.793333,0.435833],[-77.793333,0.436667],[-77.794167,0.436667],[-77.794167,0.443333],[-77.793333,0.443333],[-77.793333,0.445],[-77.7925,0.445],[-77.7925,0.445833],[-77.79,0.445833],[-77.79,0.446667],[-77.788333,0.446667],[-77.788333,0.4475],[-77.785833,0.4475],[-77.785,0.451667],[-77.784167,0.451667],[-77.784167,0.4525],[-77.7825,0.4525],[-77.7825,0.4575],[-77.783333,0.4575],[-77.783333,0.459167],[-77.784167,0.459167],[-77.784167,0.461667],[-77.7775,0.461667],[-77.776667,0.463333],[-77.773333,0.464167],[-77.773333,0.465833],[-77.774167,0.465833],[-77.774167,0.47],[-77.7725,0.470833],[-77.7725,0.471667],[-77.770833,0.4725],[-77.77,0.474167],[-77.768333,0.474167],[-77.7675,0.475833],[-77.765833,0.475833],[-77.765,0.4775],[-77.763333,0.4775],[-77.7625,0.479167],[-77.76,0.480833],[-77.76,0.483333],[-77.759167,0.483333],[-77.758333,0.485],[-77.756667,0.485],[-77.756667,0.485833],[-77.755833,0.485833],[-77.755,0.490833],[-77.753333,0.491667],[-77.753333,0.4925],[-77.755,0.493333],[-77.755,0.495],[-77.755833,0.495],[-77.755833,0.496667],[-77.755,0.496667],[-77.755,0.498333],[-77.754167,0.498333],[-77.754167,0.499167],[-77.753333,0.499167],[-77.753333,0.500833],[-77.751667,0.501667],[-77.751667,0.505833],[-77.750833,0.505833],[-77.750833,0.506667],[-77.746667,0.5075],[-77.746667,0.508333],[-77.745,0.508333],[-77.745,0.509167],[-77.744167,0.509167],[-77.744167,0.51],[-77.741667,0.511667],[-77.741667,0.5125],[-77.74,0.513333],[-77.74,0.516667],[-77.736667,0.5175],[-77.736667,0.520833],[-77.735833,0.520833],[-77.735833,0.5225],[-77.731667,0.5225],[-77.731667,0.524167],[-77.73,0.524167],[-77.73,0.525833],[-77.729167,0.525833],[-77.729167,0.53],[-77.728333,0.53],[-77.728333,0.533333],[-77.725,0.533333],[-77.725,0.5325],[-77.723333,0.5325],[-77.723333,0.531667],[-77.72,0.531667],[-77.719167,0.533333],[-77.718333,0.533333],[-77.718333,0.535833],[-77.7175,0.535833],[-77.7175,0.5375],[-77.716667,0.5375],[-77.716667,0.538333],[-77.715833,0.538333],[-77.715833,0.54],[-77.713333,0.541667],[-77.713333,0.543333],[-77.7125,0.543333],[-77.7125,0.544167],[-77.710833,0.545],[-77.71,0.549167],[-77.7075,0.549167],[-77.7075,0.55],[-77.705,0.55],[-77.705,0.550833],[-77.7025,0.550833],[-77.701667,0.5525],[-77.698333,0.5525],[-77.698333,0.551667],[-77.6975,0.551667],[-77.695833,0.554167],[-77.6925,0.555],[-77.6925,0.555833],[-77.6875,0.555833],[-77.6875,0.556667],[-77.685,0.558333],[-77.685,0.559167],[-77.684167,0.559167],[-77.684167,0.560833],[-77.678333,0.560833],[-77.6775,0.564167],[-77.676667,0.564167],[-77.676667,0.565833],[-77.675833,0.565833],[-77.675,0.57],[-77.673333,0.570833],[-77.6725,0.574167],[-77.671667,0.574167],[-77.671667,0.579167],[-77.670833,0.579167],[-77.670833,0.580833],[-77.67,0.580833],[-77.67,0.5825],[-77.668333,0.5825],[-77.668333,0.586667],[-77.6675,0.586667],[-77.6675,0.588333],[-77.666667,0.588333],[-77.666667,0.589167],[-77.665,0.59],[-77.665,0.591667],[-77.663333,0.5925],[-77.663333,0.595],[-77.665,0.595833],[-77.665,0.596667],[-77.666667,0.596667],[-77.666667,0.595833],[-77.668333,0.595833],[-77.668333,0.595],[-77.674167,0.595],[-77.675,0.596667],[-77.678333,0.596667],[-77.678333,0.598333],[-77.68,0.599167],[-77.68,0.600833],[-77.680833,0.600833],[-77.680833,0.6025],[-77.681667,0.6025],[-77.681667,0.604167],[-77.6825,0.604167],[-77.6825,0.605],[-77.686667,0.605833],[-77.686667,0.606667],[-77.689167,0.606667],[-77.690833,0.61],[-77.6925,0.609167],[-77.693333,0.610833],[-77.695,0.611667],[-77.695833,0.6175],[-77.694167,0.6175],[-77.694167,0.618333],[-77.693333,0.618333],[-77.693333,0.62],[-77.691667,0.620833],[-77.691667,0.625],[-77.6925,0.625],[-77.6925,0.625833],[-77.694167,0.625833],[-77.694167,0.629167],[-77.6925,0.629167],[-77.691667,0.630833],[-77.69,0.630833],[-77.69,0.636667],[-77.689167,0.636667],[-77.689167,0.638333],[-77.688333,0.638333],[-77.688333,0.645],[-77.6875,0.645],[-77.6875,0.649167],[-77.686667,0.649167],[-77.686667,0.651667],[-77.683333,0.6525],[-77.681667,0.655],[-77.68,0.654167],[-77.679167,0.658333],[-77.678333,0.658333],[-77.678333,0.659167],[-77.675,0.659167],[-77.673333,0.665],[-77.671667,0.665],[-77.670833,0.666667],[-77.67,0.666667],[-77.67,0.668333],[-77.665833,0.669167],[-77.665833,0.67],[-77.6625,0.670833],[-77.6625,0.671667],[-77.658333,0.671667],[-77.6575,0.6775],[-77.653333,0.678333],[-77.653333,0.679167],[-77.651667,0.679167],[-77.651667,0.68],[-77.65,0.68],[-77.65,0.684167],[-77.648333,0.684167],[-77.648333,0.686667],[-77.649167,0.686667],[-77.649167,0.688333],[-77.65,0.688333],[-77.65,0.691667],[-77.651667,0.691667],[-77.651667,0.694167],[-77.6525,0.694167],[-77.6525,0.693333],[-77.654167,0.693333],[-77.654167,0.6925],[-77.659167,0.691667],[-77.66,0.695],[-77.661667,0.695833],[-77.661667,0.6975],[-77.6625,0.6975],[-77.664167,0.7],[-77.666667,0.7],[-77.666667,0.700833],[-77.668333,0.700833],[-77.669167,0.7025],[-77.671667,0.7025],[-77.671667,0.705],[-77.6725,0.705],[-77.6725,0.7075],[-77.673333,0.7075],[-77.673333,0.71],[-77.674167,0.71],[-77.674167,0.711667],[-77.675833,0.7125],[-77.675833,0.714167],[-77.675,0.714167],[-77.675,0.715],[-77.675833,0.715],[-77.675833,0.721667],[-77.675,0.721667],[-77.675,0.724167],[-77.675833,0.724167],[-77.675833,0.725],[-77.675,0.725],[-77.675,0.7275],[-77.671667,0.72878],[-77.666715,0.725927],[-77.663596,0.721481],[-77.664914,0.71236],[-77.666044,0.711174],[-77.664721,0.707476],[-77.662774,0.705929],[-77.654033,0.706078],[-77.651211,0.703774],[-77.649277,0.704656],[-77.646006,0.703259],[-77.644995,0.704007],[-77.640989,0.703121],[-77.640754,0.702367],[-77.640059,0.702841],[-77.639274,0.701918],[-77.638121,0.702155],[-77.636225,0.698465],[-77.631462,0.697378],[-77.629812,0.695604],[-77.625342,0.695734],[-77.621419,0.692273],[-77.617801,0.690661],[-77.616199,0.688155],[-77.614955,0.688588],[-77.613896,0.68778],[-77.612872,0.688073],[-77.612439,0.689341],[-77.610931,0.68902],[-77.609831,0.687025],[-77.607538,0.685882],[-77.606052,0.67997],[-77.604625,0.678277],[-77.603571,0.678198],[-77.601628,0.675347],[-77.598348,0.675439],[-77.59563,0.673001],[-77.588249,0.673015],[-77.588333,0.669345],[-77.585865,0.668705],[-77.58404,0.666907],[-77.581839,0.666843],[-77.581188,0.663898],[-77.578282,0.660405],[-77.573581,0.659228],[-77.573009,0.6582],[-77.570683,0.657274],[-77.569974,0.657739],[-77.569529,0.656742],[-77.568919,0.657309],[-77.567878,0.656884],[-77.565964,0.65303],[-77.563543,0.650742],[-77.558288,0.649333],[-77.549975,0.650379],[-77.548196,0.648604],[-77.547604,0.649879],[-77.546527,0.65021],[-77.543963,0.64999],[-77.542,0.650821],[-77.541097,0.64966],[-77.539442,0.651379],[-77.536216,0.652726],[-77.531867,0.652364],[-77.528871,0.655151],[-77.526214,0.656177],[-77.522855,0.65578],[-77.522076,0.657996],[-77.520376,0.657031],[-77.519089,0.657699],[-77.516203,0.656733],[-77.510888,0.657245],[-77.510356,0.655965],[-77.506738,0.655527],[-77.503826,0.658401],[-77.502937,0.660461],[-77.502091,0.659738],[-77.502894,0.658148],[-77.501914,0.657809],[-77.500967,0.659073],[-77.498761,0.658598],[-77.492217,0.66248],[-77.49069,0.660389],[-77.489335,0.660251],[-77.489073,0.658495],[-77.486306,0.656623],[-77.483184,0.655575],[-77.4805,0.656173],[-77.482164,0.652994],[-77.481883,0.650414],[-77.483601,0.649907],[-77.482843,0.645256],[-77.481494,0.644217],[-77.480972,0.641883],[-77.479091,0.640203],[-77.480042,0.635164],[-77.478939,0.631759],[-77.480834,0.629642],[-77.480623,0.622545],[-77.479646,0.620479],[-77.480993,0.615733],[-77.479819,0.613053],[-77.481196,0.612567],[-77.48145,0.611187],[-77.480327,0.609497],[-77.482379,0.607429],[-77.481837,0.605821],[-77.483508,0.603172],[-77.486671,0.600216],[-77.487026,0.596467],[-77.488201,0.594057],[-77.488014,0.587455],[-77.489305,0.586159],[-77.488921,0.584935],[-77.491575,0.583911],[-77.491652,0.582406],[-77.494644,0.582604],[-77.495472,0.581161],[-77.497695,0.580841],[-77.500344,0.578537],[-77.502985,0.574999],[-77.50243,0.571242],[-77.504165,0.567211],[-77.505906,0.565825],[-77.510549,0.565462],[-77.510537,0.561574],[-77.509493,0.559604],[-77.511032,0.556103],[-77.511686,0.550735],[-77.514558,0.549413],[-77.514843,0.545808],[-77.518436,0.538799],[-77.51744,0.536044],[-77.519215,0.532953],[-77.521857,0.531521],[-77.520869,0.525319],[-77.522899,0.519695],[-77.521039,0.515971],[-77.520729,0.512107],[-77.518266,0.509833],[-77.518075,0.502792],[-77.516676,0.495389],[-77.519519,0.491296],[-77.521543,0.483594],[-77.523666,0.480507],[-77.524894,0.476777],[-77.523772,0.474183],[-77.525653,0.471235],[-77.52545,0.468083],[-77.523431,0.465947],[-77.523177,0.463126],[-77.51993,0.458042],[-77.519602,0.456271],[-77.520653,0.454766],[-77.518708,0.452919],[-77.520787,0.447418],[-77.523357,0.444096],[-77.520506,0.439734],[-77.521056,0.432684],[-77.522054,0.429574],[-77.520145,0.421525],[-77.526726,0.412479],[-77.527351,0.410567],[-77.529259,0.408852],[-77.528453,0.407226],[-77.510164,0.412899],[-77.500004,0.414595],[-77.45884,0.427099],[-77.457953,0.426222],[-77.456649,0.427088],[-77.453883,0.426767],[-77.452155,0.425717],[-77.449784,0.427155],[-77.445595,0.427031],[-77.442818,0.430001],[-77.434078,0.435917],[-77.431349,0.43941],[-77.429614,0.437251],[-77.42422,0.438222],[-77.421025,0.436284],[-77.420094,0.435049],[-77.421019,0.430256],[-77.422797,0.427777],[-77.421063,0.421527],[-77.416044,0.419447],[-77.412462,0.412545],[-77.412344,0.408879],[-77.410173,0.4071],[-77.407194,0.406988],[-77.405508,0.40573],[-77.404242,0.403401],[-77.397826,0.400164],[-77.396088,0.396894],[-77.392662,0.395751],[-77.392149,0.394167],[-77.393306,0.391569],[-77.389649,0.388246],[-77.384325,0.386918],[-77.382089,0.38528],[-77.380379,0.385439],[-77.37732,0.387836],[-77.382291,0.392741],[-77.383151,0.394312],[-77.382317,0.396751],[-77.375884,0.396594],[-77.373044,0.400854],[-77.370135,0.400402],[-77.368777,0.398058],[-77.362199,0.395881],[-77.362215,0.393869],[-77.361005,0.393062],[-77.357191,0.396016],[-77.349828,0.390972],[-77.340991,0.39119],[-77.339537,0.389421],[-77.334929,0.388097],[-77.33053,0.387904],[-77.3271,0.388947],[-77.326163,0.388167],[-77.326118,0.386645],[-77.319382,0.383328],[-77.318699,0.380373],[-77.312851,0.380642],[-77.311179,0.378129],[-77.310775,0.374909],[-77.309605,0.37298],[-77.304396,0.369913],[-77.302948,0.36809],[-77.298182,0.367783],[-77.297047,0.365144],[-77.290929,0.365439],[-77.287531,0.363205],[-77.284823,0.364468],[-77.280256,0.362773],[-77.277277,0.36512],[-77.272484,0.363671],[-77.270545,0.363877],[-77.269357,0.364907],[-77.268595,0.367786],[-77.26505,0.370108],[-77.263556,0.370222],[-77.259552,0.36941],[-77.256878,0.365679],[-77.254999,0.364407],[-77.249047,0.365127],[-77.245373,0.361569],[-77.243558,0.362278],[-77.24027,0.365808],[-77.237898,0.366212],[-77.235777,0.365281],[-77.232609,0.362074],[-77.226146,0.362779],[-77.223004,0.365254],[-77.217856,0.362236],[-77.210191,0.366105],[-77.200137,0.368681],[-77.200209,0.373406],[-77.198293,0.374772],[-77.1951,0.373764],[-77.193264,0.378598],[-77.185984,0.380925],[-77.184963,0.388426],[-77.179803,0.390521],[-77.175306,0.389613],[-77.171089,0.387176],[-77.166907,0.389669],[-77.163251,0.386981],[-77.160676,0.382734],[-77.152413,0.379244],[-77.14968,0.375938],[-77.143986,0.376455],[-77.136007,0.37416],[-77.130902,0.379219],[-77.126798,0.37928],[-77.125108,0.377676],[-77.124059,0.374335],[-77.11635,0.373506],[-77.113339,0.371976],[-77.111466,0.364643],[-77.107038,0.357046],[-77.106931,0.353438],[-77.108345,0.346794],[-77.105696,0.342212],[-77.101555,0.339518],[-77.099643,0.337113],[-77.096183,0.326584],[-77.086951,0.321348],[-77.082552,0.317975],[-77.081449,0.315877],[-77.080363,0.310973],[-77.089803,0.302445],[-77.08403,0.298412],[-77.082558,0.29592],[-77.080455,0.28804],[-77.07811,0.287269],[-77.069512,0.289766],[-77.066264,0.288231],[-77.062723,0.284879],[-77.057448,0.283703],[-77.052691,0.285549],[-77.050132,0.291788],[-77.047041,0.291264],[-77.044086,0.289216],[-77.042797,0.287072],[-77.035846,0.283847],[-77.033963,0.280116],[-77.03174,0.278185],[-77.027402,0.277048],[-77.025824,0.277909],[-77.022219,0.283205],[-77.015009,0.290769],[-77.004451,0.296612],[-76.996866,0.294191],[-76.997017,0.29039],[-76.997974,0.288497],[-76.997381,0.281209],[-76.985047,0.266912],[-76.980422,0.266726],[-76.965489,0.27371],[-76.963943,0.273366],[-76.960378,0.269797],[-76.957793,0.268851],[-76.950342,0.268458],[-76.945332,0.269071],[-76.942056,0.271453],[-76.938673,0.275995],[-76.932843,0.276582],[-76.929985,0.274706],[-76.928885,0.270502],[-76.931393,0.267298],[-76.934897,0.265296],[-76.93523,0.261572],[-76.924698,0.257054],[-76.912878,0.248302],[-76.905738,0.245818],[-76.895966,0.247406],[-76.888711,0.246323],[-76.884443,0.247042],[-76.882233,0.248759],[-76.880727,0.252101],[-76.879887,0.252011],[-76.872781,0.250752],[-76.858292,0.245855],[-76.852895,0.241799],[-76.846495,0.238866],[-76.842819,0.239732],[-76.838949,0.241805],[-76.832328,0.247229],[-76.830639,0.253408],[-76.836786,0.257462],[-76.837383,0.260248],[-76.835819,0.26108],[-76.83261,0.261074],[-76.828587,0.263235],[-76.82708,0.263021],[-76.823775,0.259936],[-76.822393,0.255751],[-76.816151,0.25643],[-76.812302,0.255413],[-76.810284,0.255838],[-76.807686,0.260707],[-76.798284,0.264228],[-76.787071,0.263221],[-76.780467,0.258251],[-76.772134,0.248214],[-76.769493,0.246093],[-76.763761,0.246247],[-76.756945,0.247801],[-76.752884,0.250701],[-76.751401,0.255818],[-76.756374,0.258558],[-76.761337,0.257935],[-76.764566,0.258563],[-76.766501,0.260441],[-76.765449,0.263946],[-76.76391,0.265978],[-76.752807,0.274647],[-76.744211,0.277175],[-76.740874,0.279036],[-76.733981,0.288365],[-76.730596,0.287337],[-76.726081,0.283785],[-76.717835,0.273093],[-76.711833,0.268759],[-76.706546,0.275788],[-76.701008,0.278257],[-76.690745,0.276238],[-76.684599,0.273641],[-76.678687,0.269618],[-76.664771,0.272162],[-76.656219,0.27078],[-76.654202,0.268362],[-76.654098,0.263143],[-76.656627,0.253451],[-76.652231,0.251018],[-76.65027,0.251427],[-76.637002,0.261763],[-76.633246,0.259813],[-76.627808,0.26263],[-76.627109,0.262306],[-76.623,0.2596],[-76.61843,0.254499],[-76.615309,0.246547],[-76.611721,0.241316],[-76.608068,0.233732],[-76.603094,0.229461],[-76.595219,0.227817],[-76.59316,0.225813],[-76.590022,0.219991],[-76.585876,0.218633],[-76.583354,0.219529],[-76.580907,0.221918],[-76.578269,0.229668],[-76.572839,0.238905],[-76.568232,0.243788],[-76.555823,0.249675],[-76.551793,0.250465],[-76.546148,0.252899],[-76.535355,0.259246],[-76.529367,0.256697],[-76.51554,0.242536],[-76.5063,0.236666],[-76.502106,0.236672],[-76.492536,0.240762],[-76.48971,0.240703],[-76.487082,0.241787],[-76.474486,0.238279],[-76.465887,0.239224],[-76.449399,0.238762],[-76.445007,0.240624],[-76.444051,0.242932],[-76.443461,0.245687],[-76.445425,0.254724],[-76.444193,0.255822],[-76.436883,0.257368],[-76.428064,0.255884],[-76.4259,0.254726],[-76.424379,0.251908],[-76.424311,0.248491],[-76.42924,0.242186],[-76.429478,0.240467],[-76.429118,0.237786],[-76.426101,0.235256],[-76.422917,0.234302],[-76.412059,0.241614],[-76.412033,0.379578],[-76.406292,0.379879],[-76.397249,0.382031],[-76.388502,0.385748],[-76.375234,0.393811],[-76.372026,0.39452],[-76.36472,0.392657],[-76.357579,0.381713],[-76.354902,0.37942],[-76.349743,0.37902],[-76.344283,0.380454],[-76.341779,0.381603],[-76.334629,0.38776],[-76.333841,0.389709],[-76.333765,0.399785],[-76.331803,0.412564],[-76.32892,0.415394],[-76.326699,0.420891],[-76.32178,0.426696],[-76.317014,0.430099],[-76.315313,0.432905],[-76.31287,0.434769],[-76.311153,0.434294],[-76.304826,0.423649],[-76.301454,0.421632],[-76.297374,0.421075],[-76.292267,0.422956],[-76.288535,0.427533],[-76.285574,0.429484],[-76.283354,0.435139],[-76.279563,0.43677],[-76.276954,0.43654],[-76.272145,0.434551],[-76.263269,0.428921],[-76.260091,0.425896],[-76.259108,0.42347],[-76.259184,0.420491],[-76.262003,0.407498],[-76.261787,0.405715],[-76.26034,0.404007],[-76.253984,0.400555],[-76.248753,0.400444],[-76.23955,0.404642],[-76.232096,0.400635],[-76.230582,0.397954],[-76.229442,0.392884],[-76.22942,0.383625],[-76.228531,0.376838],[-76.225933,0.374288],[-76.224632,0.374299],[-76.222196,0.378049],[-76.218546,0.381249],[-76.209604,0.386135],[-76.208,0.386106],[-76.204787,0.384021],[-76.199797,0.375772],[-76.198004,0.374042],[-76.189287,0.372487],[-76.186155,0.370981],[-76.184265,0.371908],[-76.174173,0.372154],[-76.166811,0.374877],[-76.163377,0.386902],[-76.160263,0.389441],[-76.157985,0.388347],[-76.150546,0.379858],[-76.138066,0.375265],[-76.132246,0.371882],[-76.127624,0.36421],[-76.126002,0.357609],[-76.120649,0.350094],[-76.118212,0.343917],[-76.118171,0.341276],[-76.12098,0.330385],[-76.121132,0.324691],[-76.117683,0.319291],[-76.111356,0.314431],[-76.109245,0.313424],[-76.10511,0.313309],[-76.095922,0.318049],[-76.09359,0.322423],[-76.093261,0.324649],[-76.088002,0.333334],[-76.084048,0.335634],[-76.081789,0.33545],[-76.076584,0.336919],[-76.062776,0.336542],[-76.053677,0.333334],[-76.050032,0.327298],[-76.048914,0.318756],[-76.046442,0.311942],[-76.04011,0.306937],[-76.033777,0.304221],[-76.026631,0.303094],[-76.025193,0.303596],[-76.015251,0.302702],[-76.009447,0.300131],[-76.004296,0.295327],[-76.001285,0.290326],[-76.002035,0.282689],[-76.004454,0.276912],[-76.000982,0.271079],[-75.997214,0.26769],[-75.99591,0.2653],[-75.989993,0.263203],[-75.98662,0.264057],[-75.984882,0.26302],[-75.984127,0.261154],[-75.9844,0.256576],[-75.986619,0.254172],[-75.989263,0.25355],[-76.000005,0.255071],[-76.004896,0.254736],[-76.004952,0.253925],[-76.005702,0.253925],[-76.005092,0.248998],[-76.002284,0.247382],[-75.996042,0.246507],[-75.990144,0.242924],[-75.98175,0.242783],[-75.971474,0.240477],[-75.969205,0.24076],[-75.960651,0.236119],[-75.958421,0.225144],[-75.953088,0.221007],[-75.950122,0.220649],[-75.950277,0.219398],[-75.952492,0.216689],[-75.957401,0.214684],[-75.958986,0.212541],[-75.958782,0.209004],[-75.956151,0.204151],[-75.953664,0.201538],[-75.937891,0.200147],[-75.931709,0.194697],[-75.927154,0.188889],[-75.922626,0.179525],[-75.917106,0.173734],[-75.91639,0.171083],[-75.900156,0.16398],[-75.897541,0.161404],[-75.8964,0.159114],[-75.896528,0.154004],[-75.899798,0.14935],[-75.905834,0.144398],[-75.906298,0.139771],[-75.905512,0.13733],[-75.902865,0.13611],[-75.898473,0.136576],[-75.888624,0.141758],[-75.884184,0.139684],[-75.881349,0.134631],[-75.88125,0.126588],[-75.881671,0.123307],[-75.882476,0.123307],[-75.880866,0.120874],[-75.875762,0.117901],[-75.872811,0.117628],[-75.872811,0.118439],[-75.871199,0.11925],[-75.869117,0.128498],[-75.864699,0.133915],[-75.859351,0.135141],[-75.851953,0.131302],[-75.849806,0.128542],[-75.846811,0.118256],[-75.840332,0.103694],[-75.837409,0.099134],[-75.834326,0.097669],[-75.827465,0.090694],[-75.814163,0.074241],[-75.814477,0.07051],[-75.812943,0.056592],[-75.811521,0.05402],[-75.808957,0.051926],[-75.807573,0.04869],[-75.805157,0.047879],[-75.802471,0.048693],[-75.790463,0.055804],[-75.787915,0.056045],[-75.780328,0.0503],[-75.775812,0.044612],[-75.773311,0.042632],[-75.77294,0.04139],[-75.771329,0.04139],[-75.771329,0.040579],[-75.762195,0.040012],[-75.759524,0.03839],[-75.757529,0.038687],[-75.748002,0.036225],[-75.73283,0.036796],[-75.715437,0.038924],[-75.704499,0.037519],[-75.689877,0.037242],[-75.683947,0.03637],[-75.677256,0.040388],[-75.674458,0.040037],[-75.672822,0.041043],[-75.666861,0.041095],[-75.664694,0.040803],[-75.660585,0.038451],[-75.654071,0.031542],[-75.649625,0.029363],[-75.646502,0.030032],[-75.645204,0.032778],[-75.642476,0.034085],[-75.641818,0.036665],[-75.640865,0.037327],[-75.640865,0.043002],[-75.64006,0.043002],[-75.640742,0.047185],[-75.637751,0.047016],[-75.634343,0.045144],[-75.632672,0.04312],[-75.63275,0.033917],[-75.630155,0.028858],[-75.614055,0.021619],[-75.612228,0.019138],[-75.611878,0.01706],[-75.609535,0.014483],[-75.606668,0.013348],[-75.596579,0.012196],[-75.594776,0.015283],[-75.586742,0.01736],[-75.583484,0.016389],[-75.582087,0.015122],[-75.58019,0.011654],[-75.579085,0.00403],[-75.58016,-0.001844],[-75.582892,-0.00787],[-75.583299,-0.014029],[-75.58111,-0.020285],[-75.570813,-0.029145],[-75.562762,-0.027523],[-75.562315,-0.025906],[-75.559694,-0.024753],[-75.553059,-0.023429],[-75.542478,-0.027168],[-75.528931,-0.025654],[-75.523241,-0.026469],[-75.514745,-0.033347],[-75.513649,-0.036436],[-75.51124,-0.038064],[-75.506803,-0.045947],[-75.502556,-0.049347],[-75.496199,-0.050773],[-75.49148,-0.049226],[-75.473539,-0.049696],[-75.467993,-0.050665],[-75.465353,-0.052472],[-75.452886,-0.066146],[-75.450407,-0.07002],[-75.449514,-0.074173],[-75.441518,-0.078903],[-75.435599,-0.079939],[-75.426702,-0.087485],[-75.425477,-0.087032],[-75.417415,-0.087859],[-75.41252,-0.089494],[-75.411127,-0.091128],[-75.402572,-0.095292],[-75.395935,-0.097706],[-75.387541,-0.099166],[-75.377187,-0.094982],[-75.375186,-0.09558],[-75.373742,-0.093411],[-75.367818,-0.090227],[-75.361053,-0.090176],[-75.352462,-0.091764],[-75.347771,-0.094093],[-75.340151,-0.102439],[-75.33977,-0.103677],[-75.338966,-0.103677],[-75.338965,-0.104487],[-75.327647,-0.106629],[-75.311589,-0.104893],[-75.309585,-0.105742],[-75.307809,-0.104744],[-75.298409,-0.106446],[-75.295732,-0.107775],[-75.286951,-0.117158],[-75.277972,-0.122478],[-75.27422,-0.12599],[-75.270554,-0.126349],[-75.262997,-0.119502],[-75.258201,-0.117848],[-75.258271,-0.124024],[-75.26166,-0.127957],[-75.271026,-0.129272],[-75.276737,-0.133118],[-75.284713,-0.140914],[-75.285836,-0.143198],[-75.28686,-0.150247],[-75.289373,-0.153487],[-75.29059,-0.152413],[-75.291472,-0.149849],[-75.294333,-0.14949],[-75.295049,-0.14778],[-75.296912,-0.14706],[-75.29902,-0.152099],[-75.299614,-0.15035],[-75.301049,-0.14955],[-75.304143,-0.153359],[-75.304705,-0.155164],[-75.307992,-0.155384],[-75.309566,-0.157637],[-75.309912,-0.155964],[-75.311961,-0.155877],[-75.313579,-0.156716],[-75.312741,-0.158404],[-75.314383,-0.15822],[-75.3165,-0.159487],[-75.318841,-0.157199],[-75.319778,-0.157229],[-75.323029,-0.159253],[-75.326394,-0.157324],[-75.329667,-0.157206],[-75.330366,-0.156243],[-75.330746,-0.157253],[-75.332769,-0.157011],[-75.334107,-0.157779],[-75.335301,-0.156358],[-75.340161,-0.155214],[-75.34496,-0.159212],[-75.352292,-0.1637],[-75.356287,-0.161646],[-75.360142,-0.157903],[-75.3593,-0.157414],[-75.356905,-0.158573],[-75.355445,-0.157878],[-75.355502,-0.157273],[-75.357693,-0.157046],[-75.354988,-0.155393],[-75.357503,-0.153023],[-75.353327,-0.148203],[-75.353427,-0.147474],[-75.355431,-0.146054],[-75.358601,-0.148566],[-75.359056,-0.146877],[-75.360343,-0.14593],[-75.364895,-0.145922],[-75.366372,-0.14644],[-75.365807,-0.148695],[-75.368367,-0.152667],[-75.367314,-0.156368],[-75.368503,-0.161042],[-75.369763,-0.159873],[-75.372541,-0.161865],[-75.375171,-0.161216],[-75.374415,-0.163127],[-75.378019,-0.165794],[-75.381173,-0.165471],[-75.382088,-0.166067],[-75.382564,-0.168702],[-75.384968,-0.167941],[-75.385979,-0.166236],[-75.386522,-0.167315],[-75.391844,-0.164094],[-75.394655,-0.166451],[-75.394993,-0.165367],[-75.396075,-0.165466],[-75.396903,-0.164463],[-75.399318,-0.164464],[-75.401909,-0.166677],[-75.404188,-0.170116],[-75.407312,-0.169411],[-75.407098,-0.168256],[-75.411774,-0.166405],[-75.412191,-0.165016],[-75.412889,-0.166117],[-75.414102,-0.164883],[-75.415308,-0.165223],[-75.415594,-0.164233],[-75.417066,-0.164666],[-75.419516,-0.163993],[-75.418895,-0.160767],[-75.422662,-0.160232],[-75.423082,-0.156835],[-75.426318,-0.157638],[-75.427739,-0.156494],[-75.426065,-0.15582],[-75.427425,-0.155692],[-75.427997,-0.154487],[-75.429377,-0.155176],[-75.430716,-0.153539],[-75.432539,-0.152829],[-75.434312,-0.155214],[-75.435152,-0.153266],[-75.437135,-0.15457],[-75.43809,-0.154351],[-75.43731,-0.153753],[-75.438059,-0.15324],[-75.441983,-0.154447],[-75.445504,-0.153259],[-75.44562,-0.154298],[-75.44735,-0.154481],[-75.447636,-0.153487],[-75.44954,-0.154208],[-75.449867,-0.152688],[-75.449257,-0.152179],[-75.45008,-0.151702],[-75.450073,-0.149618],[-75.451518,-0.14872],[-75.453503,-0.150542],[-75.45473,-0.149356],[-75.456016,-0.151266],[-75.458278,-0.15044],[-75.460778,-0.151245],[-75.463105,-0.149336],[-75.463409,-0.14861],[-75.46249,-0.147643],[-75.465608,-0.144905],[-75.465206,-0.143307],[-75.466593,-0.143548],[-75.466398,-0.14076],[-75.468914,-0.138896],[-75.470877,-0.139956],[-75.471153,-0.138341],[-75.472577,-0.136929],[-75.474868,-0.137777],[-75.474883,-0.136678],[-75.476304,-0.136599],[-75.477341,-0.135387],[-75.476636,-0.134031],[-75.479738,-0.133542],[-75.478615,-0.132528],[-75.479043,-0.131801],[-75.479816,-0.131623],[-75.480169,-0.132613],[-75.484281,-0.132505],[-75.483403,-0.130879],[-75.484856,-0.129712],[-75.486614,-0.131153],[-75.492906,-0.130257],[-75.496541,-0.130971],[-75.497458,-0.129225],[-75.498761,-0.129724],[-75.503542,-0.12704],[-75.503837,-0.126056],[-75.502651,-0.125387],[-75.504781,-0.123565],[-75.505379,-0.122487],[-75.504408,-0.12193],[-75.505724,-0.120875],[-75.504783,-0.118295],[-75.506814,-0.117],[-75.510014,-0.119605],[-75.510738,-0.119065],[-75.510557,-0.117832],[-75.512469,-0.117773],[-75.515991,-0.114297],[-75.520305,-0.116785],[-75.520728,-0.114751],[-75.521827,-0.115738],[-75.523092,-0.115442],[-75.523841,-0.117755],[-75.525656,-0.119171],[-75.526103,-0.117802],[-75.527359,-0.118671],[-75.532739,-0.11707],[-75.534782,-0.114684],[-75.535921,-0.115511],[-75.535,-0.118306],[-75.53698,-0.120987],[-75.538083,-0.121086],[-75.540913,-0.115496],[-75.543233,-0.116701],[-75.542076,-0.120097],[-75.54343,-0.121679],[-75.546676,-0.123504],[-75.549983,-0.123944],[-75.550217,-0.127559],[-75.551098,-0.127843],[-75.550593,-0.129143],[-75.555315,-0.128846],[-75.558861,-0.130476],[-75.559459,-0.129768],[-75.562245,-0.131305],[-75.565364,-0.130841],[-75.564266,-0.129662],[-75.56455,-0.128772],[-75.566916,-0.129365],[-75.566907,-0.130772],[-75.568745,-0.131046],[-75.568672,-0.12657],[-75.569366,-0.126591],[-75.569776,-0.128211],[-75.571173,-0.128556],[-75.573665,-0.126439],[-75.573489,-0.125828],[-75.572311,-0.126231],[-75.572732,-0.124632],[-75.574022,-0.123173],[-75.577133,-0.122487],[-75.577537,-0.120735],[-75.579691,-0.120261],[-75.581937,-0.121521],[-75.581604,-0.119225],[-75.582824,-0.121089],[-75.585728,-0.121229],[-75.586078,-0.119507],[-75.587664,-0.121534],[-75.590011,-0.122549],[-75.590209,-0.119854],[-75.591112,-0.11998],[-75.590689,-0.121122],[-75.591459,-0.121321],[-75.592569,-0.120379],[-75.593228,-0.117792],[-75.593923,-0.119267],[-75.595427,-0.119648],[-75.594479,-0.116167],[-75.598111,-0.115553],[-75.599619,-0.113456],[-75.598664,-0.112162],[-75.600339,-0.112073],[-75.600787,-0.109818],[-75.603011,-0.108587],[-75.60636,-0.109591],[-75.606216,-0.110567],[-75.607839,-0.110548],[-75.608415,-0.112276],[-75.610201,-0.113088],[-75.611052,-0.160469],[-75.61021,-0.180841],[-75.611044,-0.18722],[-75.610205,-0.188856],[-75.610201,-0.192918],[-75.607088,-0.193549],[-75.603153,-0.190401],[-75.594116,-0.190942],[-75.58791,-0.189362],[-75.584654,-0.186334],[-75.582271,-0.180819],[-75.579803,-0.17914],[-75.577228,-0.181536],[-75.574214,-0.181281],[-75.573306,-0.183247],[-75.569301,-0.18579],[-75.566295,-0.184387],[-75.563256,-0.185125],[-75.56013,-0.184351],[-75.556511,-0.180635],[-75.552836,-0.180543],[-75.549964,-0.178959],[-75.547839,-0.178718],[-75.545941,-0.180769],[-75.543239,-0.18139],[-75.541571,-0.180781],[-75.540021,-0.178828],[-75.540997,-0.181525],[-75.532178,-0.188046],[-75.528785,-0.192469],[-75.522935,-0.193709],[-75.521621,-0.194761],[-75.519604,-0.197271],[-75.517003,-0.205375],[-75.507521,-0.217529],[-75.506298,-0.220535],[-75.501182,-0.222587],[-75.497714,-0.227107],[-75.492323,-0.232217],[-75.489336,-0.233446],[-75.488193,-0.235353],[-75.48708,-0.240653],[-75.479832,-0.244687],[-75.478622,-0.246194],[-75.479172,-0.247192],[-75.478068,-0.246882],[-75.47644,-0.248909],[-75.477981,-0.249814],[-75.477709,-0.252444],[-75.478626,-0.253893],[-75.479061,-0.253282],[-75.479366,-0.254436],[-75.480473,-0.254635],[-75.481174,-0.259756],[-75.481879,-0.259695],[-75.480219,-0.261948],[-75.480283,-0.264121],[-75.479864,-0.263695],[-75.479265,-0.264488],[-75.479553,-0.268069],[-75.478254,-0.269271],[-75.478632,-0.270045],[-75.477647,-0.269897],[-75.473969,-0.272608],[-75.47253,-0.274705],[-75.473203,-0.275216],[-75.47227,-0.275915],[-75.472766,-0.276515],[-75.471655,-0.278284],[-75.473335,-0.28128],[-75.472612,-0.281757],[-75.4729,-0.287457],[-75.474522,-0.288823],[-75.473181,-0.289733],[-75.473344,-0.291951],[-75.474871,-0.292578],[-75.47394,-0.292935],[-75.473936,-0.294079],[-75.473326,-0.293599],[-75.474056,-0.297125],[-75.473324,-0.296831],[-75.47214,-0.297866],[-75.468825,-0.297443],[-75.467938,-0.298928],[-75.467299,-0.29836],[-75.465172,-0.299639],[-75.466385,-0.305036],[-75.465628,-0.310133],[-75.466618,-0.311732],[-75.464028,-0.313977],[-75.462589,-0.319382],[-75.458358,-0.324413],[-75.458631,-0.325094],[-75.454915,-0.326286],[-75.455061,-0.328135],[-75.455751,-0.327936],[-75.455987,-0.328688],[-75.45479,-0.331426],[-75.451277,-0.332849],[-75.449818,-0.335074],[-75.449747,-0.337676],[-75.44888,-0.337465],[-75.448279,-0.338604],[-75.44446,-0.340468],[-75.443591,-0.341765],[-75.443649,-0.343614],[-75.443016,-0.343856],[-75.441789,-0.348537],[-75.442705,-0.350059],[-75.442583,-0.35218],[-75.441615,-0.35256],[-75.441957,-0.353776],[-75.439915,-0.353841],[-75.440064,-0.355391],[-75.438451,-0.356263],[-75.437878,-0.358635],[-75.435268,-0.35935],[-75.435745,-0.360386],[-75.434665,-0.360004],[-75.435005,-0.361227],[-75.433345,-0.362105],[-75.433713,-0.36284],[-75.432843,-0.36254],[-75.43335,-0.36592],[-75.43284,-0.366148],[-75.433723,-0.366731],[-75.43273,-0.366789],[-75.433142,-0.367463],[-75.432095,-0.36774],[-75.431387,-0.369889],[-75.428701,-0.36991],[-75.427822,-0.371445],[-75.426415,-0.370584],[-75.424867,-0.372693],[-75.425288,-0.376418],[-75.426523,-0.378176],[-75.425645,-0.37823],[-75.425088,-0.37981],[-75.424237,-0.380081],[-75.424083,-0.381245],[-75.424929,-0.381298],[-75.424135,-0.382124],[-75.421985,-0.381773],[-75.418849,-0.384226],[-75.417317,-0.38819],[-75.417725,-0.389752],[-75.416793,-0.390924],[-75.417356,-0.391371],[-75.415931,-0.392008],[-75.414275,-0.394751],[-75.415383,-0.396096],[-75.41356,-0.397732],[-75.412169,-0.396378],[-75.410992,-0.397652],[-75.411185,-0.399034],[-75.408554,-0.400215],[-75.407231,-0.399034],[-75.402747,-0.400729],[-75.401507,-0.399929],[-75.401102,-0.400842],[-75.401711,-0.401701],[-75.39957,-0.403898],[-75.400629,-0.406376],[-75.399002,-0.407413],[-75.39861,-0.409544],[-75.397585,-0.410333],[-75.395498,-0.409486],[-75.392047,-0.414615],[-75.390179,-0.414736],[-75.388487,-0.416998],[-75.390334,-0.423443],[-75.391773,-0.424777],[-75.389886,-0.425266],[-75.390376,-0.426774],[-75.388378,-0.430309],[-75.387758,-0.432916],[-75.388217,-0.434065],[-75.386424,-0.435039],[-75.385141,-0.434629],[-75.385263,-0.436864],[-75.383827,-0.435983],[-75.381627,-0.436334],[-75.380853,-0.438464],[-75.378791,-0.43721],[-75.375769,-0.438065],[-75.37527,-0.44182],[-75.374403,-0.442125],[-75.373451,-0.441347],[-75.372518,-0.442196],[-75.371119,-0.441999],[-75.37102,-0.443465],[-75.369654,-0.444831],[-75.367936,-0.444928],[-75.367477,-0.445885],[-75.365549,-0.445354],[-75.36526,-0.443697],[-75.364105,-0.444349],[-75.36333,-0.443853],[-75.362193,-0.444705],[-75.36211,-0.446213],[-75.358712,-0.445816],[-75.356188,-0.446828],[-75.353769,-0.451609],[-75.353618,-0.456751],[-75.35439,-0.458246],[-75.351625,-0.459115],[-75.352013,-0.461237],[-75.35111,-0.461364],[-75.35063,-0.460295],[-75.349012,-0.463758],[-75.346874,-0.461916],[-75.344188,-0.464146],[-75.342398,-0.4593],[-75.341195,-0.459974],[-75.340645,-0.461721],[-75.338323,-0.459786],[-75.337323,-0.460753],[-75.335662,-0.457685],[-75.333155,-0.457153],[-75.334465,-0.454902],[-75.332192,-0.453978],[-75.331434,-0.451684],[-75.328131,-0.452818],[-75.327012,-0.452458],[-75.326532,-0.453485],[-75.324792,-0.452893],[-75.326062,-0.456776],[-75.326865,-0.456176],[-75.327457,-0.456773],[-75.326776,-0.45797],[-75.327625,-0.459389],[-75.327209,-0.460269],[-75.325183,-0.461518],[-75.323254,-0.461296],[-75.322689,-0.462559],[-75.318926,-0.464627],[-75.318665,-0.462891],[-75.316431,-0.463489],[-75.315053,-0.465404],[-75.315489,-0.466624],[-75.313862,-0.466603],[-75.313029,-0.471514],[-75.312074,-0.472612],[-75.312581,-0.473335],[-75.31123,-0.474348],[-75.314026,-0.475163],[-75.314634,-0.476376],[-75.313071,-0.47779],[-75.311053,-0.477851],[-75.312367,-0.479591],[-75.310226,-0.479406],[-75.31016,-0.480052],[-75.313027,-0.481835],[-75.311547,-0.484867],[-75.314966,-0.487731],[-75.314594,-0.490053],[-75.313232,-0.490773],[-75.313154,-0.494494],[-75.309233,-0.493358],[-75.309632,-0.495419],[-75.308917,-0.49581],[-75.306869,-0.492915],[-75.30625,-0.492799],[-75.304627,-0.49519],[-75.301361,-0.492639],[-75.300404,-0.492841],[-75.300095,-0.494377],[-75.300804,-0.495434],[-75.298984,-0.495791],[-75.298517,-0.497275],[-75.297604,-0.496829],[-75.297296,-0.50084],[-75.296673,-0.501799],[-75.295477,-0.501853],[-75.296905,-0.503908],[-75.296423,-0.505845],[-75.295244,-0.506324],[-75.293864,-0.504271],[-75.292646,-0.503659],[-75.29125,-0.504123],[-75.290126,-0.502786],[-75.28849,-0.50362],[-75.288685,-0.504468],[-75.287707,-0.504318],[-75.287769,-0.50196],[-75.28528,-0.499581],[-75.286092,-0.498573],[-75.285412,-0.497588],[-75.283794,-0.498655],[-75.282661,-0.497916],[-75.281566,-0.49959],[-75.280311,-0.497743],[-75.278467,-0.497895],[-75.276328,-0.501785],[-75.273105,-0.503493],[-75.273288,-0.506089],[-75.272203,-0.505303],[-75.27165,-0.502456],[-75.269843,-0.502763],[-75.268957,-0.504942],[-75.266917,-0.506615],[-75.268056,-0.506577],[-75.268209,-0.507493],[-75.266688,-0.508589],[-75.26939,-0.511391],[-75.26816,-0.513925],[-75.269402,-0.514031],[-75.269518,-0.513144],[-75.270572,-0.512837],[-75.272809,-0.517801],[-75.270067,-0.519168],[-75.269921,-0.522837],[-75.268504,-0.522822],[-75.268334,-0.524915],[-75.265852,-0.523678],[-75.264517,-0.524226],[-75.265515,-0.5275],[-75.268716,-0.528188],[-75.268982,-0.529452],[-75.268189,-0.530751],[-75.265003,-0.53232],[-75.265236,-0.533773],[-75.262167,-0.53358],[-75.263075,-0.528904],[-75.261164,-0.528529],[-75.257669,-0.523644],[-75.255559,-0.523379],[-75.255422,-0.521457],[-75.252066,-0.51921],[-75.250356,-0.51704],[-75.249758,-0.517615],[-75.250446,-0.519284],[-75.247368,-0.518822],[-75.246993,-0.522497],[-75.246016,-0.522111],[-75.244255,-0.523249],[-75.243677,-0.522108],[-75.242729,-0.521968],[-75.241907,-0.524618],[-75.243516,-0.526429],[-75.242903,-0.528849],[-75.243966,-0.532581],[-75.24252,-0.533893],[-75.240332,-0.533393],[-75.242734,-0.536162],[-75.238938,-0.538287],[-75.242952,-0.541126],[-75.241811,-0.542776],[-75.24054,-0.542387],[-75.241668,-0.544035],[-75.244856,-0.545532],[-75.244867,-0.546355],[-75.244284,-0.547252],[-75.241953,-0.546716],[-75.24177,-0.548048],[-75.240637,-0.548937],[-75.236932,-0.547557],[-75.235414,-0.549926],[-75.230814,-0.549587],[-75.228796,-0.550458],[-75.230063,-0.554076],[-75.228675,-0.555289],[-75.227128,-0.554788],[-75.226855,-0.555682],[-75.22797,-0.557101],[-75.228087,-0.558732],[-75.23016,-0.560534],[-75.229242,-0.562829],[-75.229949,-0.564409],[-75.229415,-0.565128],[-75.228007,-0.564987],[-75.228509,-0.569954],[-75.227389,-0.570223],[-75.226377,-0.569208],[-75.225005,-0.569874],[-75.227741,-0.573478],[-75.228404,-0.575671],[-75.235307,-0.580379],[-75.237283,-0.577576],[-75.239697,-0.577578],[-75.239846,-0.579199],[-75.2405,-0.5792],[-75.240498,-0.58163],[-75.239378,-0.583248],[-75.237693,-0.582987],[-75.237151,-0.583956],[-75.237622,-0.588565],[-75.23956,-0.590161],[-75.240598,-0.592615],[-75.239718,-0.597334],[-75.238609,-0.597692],[-75.238174,-0.598804],[-75.240479,-0.599452],[-75.240459,-0.601448],[-75.239731,-0.60223],[-75.237032,-0.601839],[-75.234964,-0.602905],[-75.230535,-0.602427],[-75.227961,-0.604683],[-75.2278,-0.606263],[-75.231856,-0.60614],[-75.233648,-0.607683],[-75.231973,-0.611979],[-75.233127,-0.614577],[-75.230198,-0.615609],[-75.22918,-0.619101],[-75.227135,-0.618459],[-75.226441,-0.620065],[-75.22679,-0.622104],[-75.224998,-0.622258],[-75.223407,-0.623889],[-75.227165,-0.626642],[-75.226766,-0.627394],[-75.223989,-0.627956],[-75.225523,-0.629043],[-75.232687,-0.630633],[-75.23211,-0.632899],[-75.234511,-0.633974],[-75.234027,-0.6352],[-75.235355,-0.637423],[-75.235336,-0.640969],[-75.23226,-0.645583],[-75.234127,-0.647482],[-75.236725,-0.646731],[-75.238018,-0.642386],[-75.239839,-0.642351],[-75.24146,-0.645086],[-75.243555,-0.640272],[-75.245762,-0.638795],[-75.250427,-0.641034],[-75.250465,-0.642744],[-75.248751,-0.645409],[-75.248987,-0.647343],[-75.254078,-0.645886],[-75.256168,-0.643265],[-75.257237,-0.64319],[-75.258135,-0.644029],[-75.257742,-0.6454],[-75.2586,-0.646835],[-75.258597,-0.655189],[-75.263769,-0.655283],[-75.271589,-0.660423],[-75.274209,-0.663492],[-75.275609,-0.667949],[-75.271203,-0.675773],[-75.266646,-0.680823],[-75.264525,-0.686165],[-75.256897,-0.690634],[-75.251076,-0.69188],[-75.249265,-0.694423],[-75.248678,-0.697723],[-75.251344,-0.70039],[-75.253879,-0.701615],[-75.259287,-0.702722],[-75.267391,-0.706489],[-75.274797,-0.713693],[-75.276985,-0.718346],[-75.274756,-0.730415],[-75.274372,-0.73466],[-75.274925,-0.736408],[-75.270507,-0.749921],[-75.267763,-0.752513],[-75.263811,-0.75343],[-75.260999,-0.755134],[-75.257216,-0.759158],[-75.254126,-0.764837],[-75.25529,-0.769862],[-75.257667,-0.772474],[-75.26787,-0.77825],[-75.269446,-0.785786],[-75.26793,-0.787318],[-75.263834,-0.787862],[-75.257392,-0.792011],[-75.250684,-0.7936],[-75.243912,-0.796593],[-75.24178,-0.798598],[-75.240794,-0.806253],[-75.241381,-0.811467],[-75.244971,-0.820804],[-75.24756,-0.823929],[-75.251773,-0.831733],[-75.251534,-0.836892],[-75.243771,-0.850759],[-75.239661,-0.854122],[-75.233073,-0.854447],[-75.226898,-0.859602],[-75.222811,-0.867147],[-75.222424,-0.871625],[-75.223794,-0.882691],[-75.221231,-0.905593],[-75.224169,-0.911806],[-75.231346,-0.920806],[-75.234099,-0.928148],[-75.233759,-0.932445],[-75.229853,-0.93951],[-75.225061,-0.944909],[-75.212838,-0.954767],[-75.208322,-0.956925],[-75.203314,-0.957785],[-75.196696,-0.961686],[-75.191961,-0.96714],[-75.18929,-0.972199],[-75.195761,-0.97566],[-75.20336,-0.974894],[-75.206968,-0.97367],[-75.218484,-0.974772],[-75.220649,-0.973694],[-75.229502,-0.973709],[-75.236639,-0.974853],[-75.241968,-0.977829],[-75.245913,-0.978774],[-75.25,-0.977241],[-75.257236,-0.971814],[-75.267797,-0.970974],[-75.279476,-0.974378],[-75.285366,-0.980892],[-75.292625,-0.987121],[-75.307344,-0.986806],[-75.318155,-0.973895],[-75.321266,-0.972639],[-75.324917,-0.972815],[-75.328134,-0.968008],[-75.337021,-0.96054],[-75.34366,-0.956846],[-75.345428,-0.948299],[-75.348886,-0.945776],[-75.352404,-0.944879],[-75.355602,-0.941353],[-75.363356,-0.936697],[-75.366586,-0.928645],[-75.372152,-0.923409],[-75.376328,-0.921824],[-75.381024,-0.924423],[-75.386091,-0.923523],[-75.387775,-0.924731],[-75.388359,-0.926002],[-75.386711,-0.930124],[-75.550365,-1.527856],[-75.550815,-1.522566],[-75.55053,-1.529772],[-75.553657,-1.541156],[-75.554357,-1.541645],[-75.555075,-1.546441],[-75.55934,-1.551574],[-75.557382,-1.558409],[-75.559055,-1.562435],[-75.561496,-1.564233],[-75.565521,-1.562731],[-75.566402,-1.556267],[-75.569958,-1.554175],[-75.574054,-1.553049],[-75.577973,-1.546933],[-75.580121,-1.545765],[-75.583762,-1.549399],[-75.585161,-1.549419],[-75.797479,-1.815943],[-75.798173,-1.815872],[-75.79817,-1.81681],[-75.918758,-1.968244],[-75.920229,-1.969059],[-75.920226,-1.970087],[-75.922638,-1.972311],[-75.922642,-1.973122],[-75.924245,-1.973938],[-75.924241,-1.97513],[-75.925879,-1.977187],[-75.926653,-1.977189],[-75.926651,-1.978],[-75.927457,-1.978003],[-75.927453,-1.979164],[-75.929865,-1.981255],[-75.929863,-1.982066],[-75.930669,-1.982068],[-75.930665,-1.983199],[-75.933077,-1.98532],[-75.933075,-1.986131],[-75.933881,-1.986133],[-75.933877,-1.987233],[-75.935589,-1.989383],[-75.937897,-1.991012],[-75.937893,-1.992276],[-75.939501,-1.99345],[-75.939499,-1.994261],[-75.940305,-1.994264],[-75.940302,-1.995075],[-75.941109,-1.995077],[-75.941105,-1.99631],[-75.942713,-1.997515],[-75.942711,-1.998326],[-75.945928,-2.00077],[-75.945923,-2.002362],[-75.94914,-2.004835],[-75.949135,-2.006397],[-75.951548,-2.008087],[-75.95242,-2.010523],[-75.955564,-2.012966],[-75.955562,-2.013777],[-75.956368,-2.013779],[-75.956363,-2.015402],[-75.958776,-2.017031],[-75.958894,-2.018654],[-75.961988,-2.021097],[-75.961986,-2.021908],[-75.962792,-2.02191],[-75.96279,-2.022721],[-75.963596,-2.022724],[-75.963591,-2.024346],[-75.966808,-2.026789],[-75.966803,-2.028412],[-75.97002,-2.030855],[-75.970821,-2.03248],[-75.971627,-2.032482],[-75.971622,-2.034104],[-75.974839,-2.036548],[-75.974834,-2.03817],[-75.978052,-2.040614],[-75.978049,-2.041425],[-75.978855,-2.041427],[-75.97885,-2.043049],[-75.982067,-2.045493],[-75.982065,-2.046304],[-75.982871,-2.046306],[-75.982866,-2.047929],[-75.986083,-2.050372],[-75.986078,-2.051994],[-75.989295,-2.054438],[-75.989293,-2.055249],[-75.990099,-2.055252],[-75.990094,-2.056874],[-75.993311,-2.059317],[-75.993306,-2.06094],[-75.996523,-2.063383],[-75.996521,-2.064194],[-75.997327,-2.064197],[-75.997322,-2.065819],[-75.998932,-2.066635],[-75.998927,-2.068258],[-76.00134,-2.069888],[-76.002142,-2.071512],[-76.002948,-2.071515],[-76.002943,-2.073137],[-76.005356,-2.074767],[-76.005351,-2.07639],[-76.007765,-2.078019],[-76.00776,-2.079642],[-76.010173,-2.081272],[-76.010168,-2.082894],[-76.013386,-2.085338],[-76.01338,-2.08696],[-76.015794,-2.08859],[-76.015789,-2.09012],[-76.018203,-2.091842],[-76.018198,-2.093146],[-76.019807,-2.094281],[-76.019805,-2.095092],[-76.020611,-2.095095],[-76.020609,-2.095906],[-76.021415,-2.095909],[-76.021411,-2.097181],[-76.02302,-2.098347],[-76.023017,-2.099158],[-76.023823,-2.099161],[-76.02382,-2.100208],[-76.026232,-2.102413],[-76.026229,-2.103224],[-76.027036,-2.103227],[-76.027032,-2.104243],[-76.043253,-2.12462],[-76.633571,-2.590189],[-77.166119,-2.770212],[-77.166964,-2.770215],[-77.167046,-2.769483],[-77.167043,-2.770524],[-77.844497,-2.998997],[-77.843202,-3.001569],[-77.843696,-3.004822],[-77.842887,-3.00482],[-77.842065,-3.009263],[-77.940389,-3.065605],[-77.942287,-3.065775],[-77.9428,-3.068195],[-77.947839,-3.072764],[-77.948315,-3.075507],[-77.946361,-3.07914],[-77.948242,-3.084321],[-77.951109,-3.087868],[-77.951836,-3.090767],[-77.959644,-3.09351],[-77.96264,-3.095705],[-77.9626,-3.100624],[-77.964597,-3.101527],[-77.964664,-3.103574],[-77.966378,-3.105505],[-77.966272,-3.107609],[-77.969759,-3.112789],[-77.970654,-3.117717],[-77.973511,-3.119059],[-77.97943,-3.118496],[-77.983102,-3.11963],[-77.984369,-3.129359],[-77.986342,-3.133664],[-77.988273,-3.134736],[-77.989682,-3.137335],[-77.994069,-3.140962],[-77.995405,-3.145339],[-77.996758,-3.147195],[-78.002633,-3.151188],[-78.005457,-3.154889],[-78.00875,-3.156439],[-78.009845,-3.160745],[-78.012101,-3.164826],[-78.012217,-3.165876],[-78.010967,-3.167537],[-78.01135,-3.169677],[-78.010328,-3.17414],[-78.011834,-3.178133],[-78.021012,-3.186769],[-78.029258,-3.187276],[-78.037228,-3.190535],[-78.039747,-3.19515],[-78.041037,-3.206822],[-78.042361,-3.208064],[-78.048209,-3.206304],[-78.054131,-3.207097],[-78.060902,-3.216999],[-78.062996,-3.223002],[-78.062256,-3.226616],[-78.064939,-3.225457],[-78.069723,-3.225573],[-78.076943,-3.227153],[-78.086957,-3.217133],[-78.08971,-3.215493],[-78.09117,-3.216317],[-78.093022,-3.218992],[-78.088804,-3.224352],[-78.086722,-3.23033],[-78.091986,-3.23555],[-78.090168,-3.237686],[-78.089509,-3.240423],[-78.094252,-3.242479],[-78.094165,-3.246068],[-78.09578,-3.249764],[-78.095359,-3.25255],[-78.09658,-3.254214],[-78.100355,-3.255829],[-78.099256,-3.261181],[-78.101904,-3.262477],[-78.107668,-3.263101],[-78.107577,-3.267896],[-78.108745,-3.270948],[-78.106918,-3.274049],[-78.108315,-3.277494],[-78.113122,-3.28104],[-78.113334,-3.286465],[-78.115489,-3.288745],[-78.117797,-3.289251],[-78.11979,-3.291091],[-78.119787,-3.293674],[-78.124052,-3.294388],[-78.127756,-3.299005],[-78.1302,-3.303994],[-78.132636,-3.305567],[-78.132957,-3.308353],[-78.13523,-3.310148],[-78.135977,-3.314145],[-78.140267,-3.31962],[-78.143378,-3.327033],[-78.145236,-3.328285],[-78.151254,-3.329285],[-78.151821,-3.333341],[-78.157747,-3.335574],[-78.158118,-3.337178],[-78.160713,-3.340555],[-78.164597,-3.343531],[-78.168378,-3.345098],[-78.170464,-3.349873],[-78.17468,-3.351426],[-78.177364,-3.355338],[-78.181004,-3.355367],[-78.183157,-3.357372],[-78.190198,-3.359726],[-78.192792,-3.361694],[-78.193802,-3.366295],[-78.19142,-3.37186],[-78.194747,-3.374674],[-78.19169,-3.377397],[-78.18996,-3.382317],[-78.189691,-3.385964],[-78.188542,-3.387955],[-78.188748,-3.389471],[-78.186735,-3.393163],[-78.187237,-3.397402],[-78.185556,-3.398658],[-78.18474,-3.400999],[-78.182521,-3.402619],[-78.180702,-3.408573],[-78.178563,-3.410728],[-78.174996,-3.412356],[-78.171759,-3.412347],[-78.171757,-3.41316],[-78.170947,-3.413157],[-78.17095,-3.412344],[-78.168522,-3.412337],[-78.16852,-3.41315],[-78.166092,-3.413143],[-78.16609,-3.413956],[-78.164471,-3.413951],[-78.164469,-3.414765],[-78.16285,-3.41476],[-78.162848,-3.415573],[-78.159604,-3.418003],[-78.159601,-3.418816],[-78.156362,-3.41962],[-78.15636,-3.420433],[-78.154683,-3.421662],[-78.153264,-3.431418],[-78.150772,-3.433418],[-78.15218,-3.436364],[-78.151935,-3.439261],[-78.152765,-3.442371],[-78.150424,-3.443551],[-78.1494,-3.446961],[-78.147631,-3.447978],[-78.148499,-3.458482],[-78.147298,-3.460144],[-78.145465,-3.460306],[-78.144989,-3.461659],[-78.147124,-3.4654],[-78.146595,-3.469188],[-78.147542,-3.473053],[-78.146639,-3.47807],[-78.1491,-3.480821],[-78.155598,-3.480516],[-78.159859,-3.481924],[-78.162902,-3.481369],[-78.164415,-3.483853],[-78.16642,-3.48467],[-78.169885,-3.490624],[-78.18072,-3.491677],[-78.182711,-3.495039],[-78.182758,-3.49738],[-78.184581,-3.4996],[-78.186674,-3.497744],[-78.1897,-3.498628],[-78.192508,-3.500567],[-78.197758,-3.496679],[-78.199793,-3.496819],[-78.200415,-3.495508],[-78.2024,-3.501041],[-78.204253,-3.5009],[-78.204041,-3.50266],[-78.205994,-3.505386],[-78.207204,-3.504821],[-78.208668,-3.506963],[-78.212359,-3.507686],[-78.212591,-3.508406],[-78.216304,-3.509243],[-78.218247,-3.5089],[-78.22065,-3.505693],[-78.225545,-3.502733],[-78.226516,-3.501044],[-78.230861,-3.499792],[-78.232616,-3.496591],[-78.228645,-3.49572],[-78.226293,-3.491257],[-78.227137,-3.488997],[-78.23029,-3.48664],[-78.229407,-3.482445],[-78.230644,-3.479384],[-78.230397,-3.477619],[-78.232978,-3.470367],[-78.234357,-3.469138],[-78.234411,-3.465403],[-78.23672,-3.461661],[-78.236087,-3.459904],[-78.236762,-3.455282],[-78.235048,-3.452456],[-78.236785,-3.449143],[-78.236677,-3.445172],[-78.24399,-3.439036],[-78.244506,-3.43645],[-78.243687,-3.435085],[-78.243704,-3.432379],[-78.242505,-3.430797],[-78.243747,-3.422404],[-78.241934,-3.420825],[-78.242017,-3.418387],[-78.240977,-3.417514],[-78.241894,-3.413021],[-78.241234,-3.409261],[-78.245747,-3.407089],[-78.246907,-3.404768],[-78.246593,-3.4023],[-78.249442,-3.401041],[-78.252014,-3.403377],[-78.254942,-3.40423],[-78.258084,-3.404063],[-78.259991,-3.402706],[-78.261207,-3.403709],[-78.264041,-3.403668],[-78.264044,-3.402855],[-78.267283,-3.402051],[-78.267286,-3.401238],[-78.269713,-3.401245],[-78.269716,-3.400431],[-78.272953,-3.400441],[-78.272951,-3.401254],[-78.274569,-3.401258],[-78.275375,-3.402564],[-78.276996,-3.40136],[-78.279203,-3.402],[-78.283301,-3.399932],[-78.284917,-3.397211],[-78.289715,-3.395428],[-78.292024,-3.39627],[-78.292957,-3.39807],[-78.295707,-3.398188],[-78.296491,-3.396772],[-78.29811,-3.398967],[-78.301547,-3.399894],[-78.306232,-3.396773],[-78.30853,-3.396847],[-78.310175,-3.395579],[-78.317026,-3.396239],[-78.323279,-3.390714],[-78.327301,-3.388788],[-78.329177,-3.386776],[-78.340928,-3.382231],[-78.346121,-3.382299],[-78.346801,-3.380965],[-78.346963,-3.38363],[-78.34523,-3.387093],[-78.344305,-3.3916],[-78.345835,-3.392656],[-78.347519,-3.396118],[-78.349733,-3.395866],[-78.350087,-3.398428],[-78.355746,-3.403489],[-78.354232,-3.405427],[-78.352945,-3.411801],[-78.350335,-3.414215],[-78.350911,-3.417297],[-78.345737,-3.420906],[-78.346546,-3.420981],[-78.347339,-3.426676],[-78.34653,-3.426674],[-78.346514,-3.432368],[-78.344082,-3.433987],[-78.345684,-3.447563],[-78.345329,-3.450221],[-78.348301,-3.452778],[-78.348782,-3.454286],[-78.348148,-3.456298],[-78.350388,-3.45859],[-78.351271,-3.461146],[-78.355647,-3.462906],[-78.354872,-3.463816],[-78.355622,-3.467696],[-78.358344,-3.472998],[-78.358266,-3.47688],[-78.355487,-3.478655],[-78.353378,-3.481469],[-78.354243,-3.484186],[-78.356572,-3.486439],[-78.355091,-3.487481],[-78.35454,-3.490292],[-78.355383,-3.491887],[-78.354475,-3.493051],[-78.354699,-3.494601],[-78.35768,-3.497569],[-78.35796,-3.499867],[-78.359028,-3.500459],[-78.358362,-3.501797],[-78.362417,-3.506831],[-78.363305,-3.510426],[-78.365856,-3.512848],[-78.366902,-3.515338],[-78.367296,-3.517464],[-78.366472,-3.519541],[-78.367303,-3.522144],[-78.364973,-3.52869],[-78.365399,-3.531645],[-78.36648,-3.531343],[-78.371515,-3.535059],[-78.371386,-3.536218],[-78.369123,-3.538845],[-78.369457,-3.541181],[-78.376286,-3.543576],[-78.375385,-3.545485],[-78.37634,-3.547288],[-78.377916,-3.547229],[-78.37883,-3.550268],[-78.380164,-3.551474],[-78.382149,-3.551228],[-78.384732,-3.55397],[-78.388329,-3.555425],[-78.392095,-3.560291],[-78.389954,-3.562093],[-78.387018,-3.561486],[-78.387588,-3.562939],[-78.384239,-3.567867],[-78.387667,-3.569073],[-78.387619,-3.573644],[-78.388221,-3.575389],[-78.390138,-3.576744],[-78.390271,-3.580945],[-78.393488,-3.581419],[-78.393244,-3.584942],[-78.391755,-3.585796],[-78.391104,-3.587485],[-78.394389,-3.590814],[-78.394265,-3.592396],[-78.392757,-3.593721],[-78.396497,-3.595513],[-78.393339,-3.598266],[-78.392243,-3.603615],[-78.395776,-3.609969],[-78.397609,-3.610015],[-78.398363,-3.611045],[-78.396462,-3.612991],[-78.396595,-3.614938],[-78.39538,-3.617187],[-78.396139,-3.619499],[-78.39823,-3.622076],[-78.397297,-3.622582],[-78.397673,-3.624836],[-78.394541,-3.628387],[-78.39471,-3.631367],[-78.390882,-3.633512],[-78.390687,-3.635171],[-78.389482,-3.635263],[-78.388953,-3.638977],[-78.387975,-3.63899],[-78.387058,-3.6412],[-78.389887,-3.64347],[-78.393841,-3.644055],[-78.396392,-3.647526],[-78.398598,-3.648584],[-78.400253,-3.650693],[-78.402089,-3.651196],[-78.400168,-3.654858],[-78.396189,-3.65687],[-78.394628,-3.65963],[-78.396297,-3.662428],[-78.39578,-3.664443],[-78.397353,-3.666306],[-78.397658,-3.668229],[-78.399191,-3.668994],[-78.399273,-3.670124],[-78.39861,-3.671209],[-78.397086,-3.670932],[-78.394003,-3.672695],[-78.392803,-3.677985],[-78.396553,-3.682614],[-78.395739,-3.684769],[-78.396281,-3.686856],[-78.398502,-3.687486],[-78.400066,-3.689996],[-78.401547,-3.688973],[-78.40279,-3.689591],[-78.403983,-3.688623],[-78.412042,-3.689732],[-78.41568,-3.685854],[-78.416817,-3.685922],[-78.418525,-3.686486],[-78.419994,-3.688542],[-78.422427,-3.689888],[-78.42342,-3.692682],[-78.423367,-3.695812],[-78.421862,-3.69692],[-78.421599,-3.69937],[-78.423302,-3.701029],[-78.422204,-3.702783],[-78.421156,-3.702328],[-78.421028,-3.705062],[-78.419407,-3.705871],[-78.419402,-3.707498],[-78.418592,-3.707495],[-78.418028,-3.711499],[-78.418581,-3.71354],[-78.417758,-3.716056],[-78.417745,-3.720394],[-78.42084,-3.722342],[-78.421835,-3.724063],[-78.417506,-3.725565],[-78.416417,-3.728427],[-78.414043,-3.729539],[-78.413158,-3.731824],[-78.410473,-3.734019],[-78.408486,-3.734537],[-78.409209,-3.738703],[-78.407152,-3.743251],[-78.406343,-3.743261],[-78.409,-3.753983],[-78.410818,-3.755082],[-78.410935,-3.75635],[-78.412466,-3.757463],[-78.412769,-3.759406],[-78.41523,-3.762893],[-78.415338,-3.764981],[-78.417272,-3.766878],[-78.414368,-3.767718],[-78.414363,-3.769301],[-78.413553,-3.769299],[-78.411114,-3.772545],[-78.410305,-3.772543],[-78.4103,-3.774169],[-78.40949,-3.774167],[-78.410022,-3.778136],[-78.409496,-3.779861],[-78.410283,-3.779863],[-78.410273,-3.783275],[-78.412183,-3.786326],[-78.411904,-3.788773],[-78.414063,-3.791009],[-78.415819,-3.795037],[-78.419176,-3.797879],[-78.421285,-3.801397],[-78.424735,-3.803199],[-78.425874,-3.805467],[-78.428764,-3.807103],[-78.43018,-3.811161],[-78.432242,-3.813112],[-78.432409,-3.817346],[-78.434673,-3.819707],[-78.436174,-3.82013],[-78.440666,-3.819251],[-78.440799,-3.820281],[-78.443061,-3.820585],[-78.446349,-3.823686],[-78.449203,-3.823917],[-78.450984,-3.826023],[-78.452925,-3.825869],[-78.454147,-3.827285],[-78.457356,-3.828156],[-78.459171,-3.827018],[-78.464293,-3.827201],[-78.464163,-3.829126],[-78.462464,-3.83016],[-78.461305,-3.832339],[-78.45946,-3.832881],[-78.459519,-3.834071],[-78.461454,-3.835819],[-78.459179,-3.83757],[-78.461962,-3.839055],[-78.464333,-3.844245],[-78.465838,-3.845199],[-78.467248,-3.844941],[-78.46913,-3.846375],[-78.469579,-3.847578],[-78.468832,-3.848646],[-78.473222,-3.853598],[-78.473597,-3.857538],[-78.4747,-3.857287],[-78.474681,-3.859353],[-78.475389,-3.859564],[-78.475201,-3.860754],[-78.477101,-3.864143],[-78.476789,-3.86697],[-78.478649,-3.867896],[-78.478043,-3.871589],[-78.478843,-3.871984],[-78.479643,-3.87524],[-78.479626,-3.880934],[-78.478816,-3.880932],[-78.478812,-3.882382],[-78.481226,-3.884069],[-78.482502,-3.89107],[-78.485619,-3.892016],[-78.485208,-3.896229],[-78.482815,-3.898026],[-78.482812,-3.898839],[-78.482002,-3.898837],[-78.482,-3.89965],[-78.48038,-3.899645],[-78.480375,-3.901272],[-78.479565,-3.90127],[-78.479553,-3.905337],[-78.478743,-3.905334],[-78.478739,-3.906961],[-78.477929,-3.906959],[-78.477544,-3.911308],[-78.480925,-3.915311],[-78.482127,-3.921389],[-78.48388,-3.92247],[-78.486186,-3.925658],[-78.489976,-3.936144],[-78.493602,-3.93515],[-78.495065,-3.933179],[-78.500002,-3.934111],[-78.502402,-3.93538],[-78.506614,-3.934203],[-78.509694,-3.935252],[-78.513117,-3.935113],[-78.519484,-3.937984],[-78.524413,-3.937753],[-78.52816,-3.943181],[-78.528984,-3.950161],[-78.530982,-3.951147],[-78.532879,-3.955828],[-78.534353,-3.956598],[-78.534308,-3.957799],[-78.541287,-3.96304],[-78.542691,-3.96511],[-78.542712,-3.970302],[-78.541302,-3.972085],[-78.542969,-3.975069],[-78.543993,-3.975926],[-78.54652,-3.974845],[-78.548948,-3.975337],[-78.550503,-3.97695],[-78.550737,-3.978409],[-78.553849,-3.980965],[-78.559152,-3.983289],[-78.566807,-3.993643],[-78.566297,-3.998968],[-78.563065,-4.000974],[-78.562284,-4.003231],[-78.56409,-4.006716],[-78.562831,-4.009636],[-78.563732,-4.010954],[-78.563755,-4.015319],[-78.565363,-4.01643],[-78.56475,-4.024177],[-78.566006,-4.028963],[-78.569394,-4.034796],[-78.569015,-4.036485],[-78.569812,-4.037743],[-78.568089,-4.041244],[-78.568025,-4.047136],[-78.562834,-4.050531],[-78.558083,-4.050546],[-78.556526,-4.049591],[-78.55567,-4.051959],[-78.552129,-4.052761],[-78.551609,-4.055582],[-78.548118,-4.057924],[-78.548289,-4.059695],[-78.546522,-4.063826],[-78.544649,-4.065141],[-78.543062,-4.067821],[-78.539812,-4.06821],[-78.540124,-4.074873],[-78.542677,-4.075454],[-78.543192,-4.076926],[-78.545722,-4.078256],[-78.547473,-4.08198],[-78.551549,-4.086925],[-78.556617,-4.088519],[-78.558626,-4.091576],[-78.558787,-4.097475],[-78.561085,-4.101554],[-78.566415,-4.101392],[-78.567501,-4.102387],[-78.57126,-4.112688],[-78.573471,-4.122098],[-78.576554,-4.123693],[-78.580583,-4.1336],[-78.582649,-4.135981],[-78.581794,-4.140468],[-78.580038,-4.143269],[-78.580906,-4.150644],[-78.575781,-4.162634],[-78.578744,-4.178688],[-78.57774,-4.182913],[-78.577739,-4.196598],[-78.579926,-4.199895],[-78.590145,-4.203803],[-78.593336,-4.208981],[-78.596238,-4.208426],[-78.598613,-4.209201],[-78.603875,-4.214927],[-78.606625,-4.219811],[-78.608682,-4.227222],[-78.608556,-4.235829],[-78.608024,-4.23875],[-78.601217,-4.252726],[-78.602647,-4.254875],[-78.602143,-4.258742],[-78.604514,-4.260641],[-78.605154,-4.263641],[-78.608732,-4.265101],[-78.6109,-4.264801],[-78.610471,-4.272044],[-78.613874,-4.279207],[-78.613118,-4.283805],[-78.615601,-4.285895],[-78.615296,-4.2889],[-78.616107,-4.288902],[-78.616098,-4.291748],[-78.619516,-4.29437],[-78.627166,-4.297458],[-78.637975,-4.303553],[-78.639716,-4.305826],[-78.639663,-4.310816],[-78.641629,-4.3109],[-78.644995,-4.315008],[-78.64648,-4.322336],[-78.645699,-4.325007],[-78.642271,-4.3304],[-78.641703,-4.333343],[-78.642394,-4.334242],[-78.646587,-4.335723],[-78.648886,-4.339546],[-78.648774,-4.342116],[-78.644997,-4.349655],[-78.646533,-4.35257],[-78.651293,-4.352721],[-78.649931,-4.357634],[-78.651208,-4.361944],[-78.650231,-4.363705],[-78.646858,-4.364205],[-78.643671,-4.367161],[-78.640761,-4.373889],[-78.638704,-4.384762],[-78.636667,-4.390367],[-78.641743,-4.397407],[-78.640847,-4.40149],[-78.635327,-4.408086],[-78.633175,-4.415113],[-78.631739,-4.415808],[-78.629088,-4.415385],[-78.62645,-4.41662],[-78.623174,-4.41683],[-78.621467,-4.414651],[-78.616212,-4.413868],[-78.610362,-4.414169],[-78.608193,-4.413469],[-78.604766,-4.410198],[-78.602216,-4.410147],[-78.600277,-4.414],[-78.600737,-4.416435],[-78.598846,-4.423114],[-78.601019,-4.428503],[-78.603652,-4.431929],[-78.610605,-4.436884],[-78.614949,-4.438423],[-78.618338,-4.437026],[-78.62018,-4.437233],[-78.624202,-4.442759],[-78.623314,-4.445322],[-78.623548,-4.449983],[-78.625816,-4.45291],[-78.628228,-4.459186],[-78.632061,-4.461169],[-78.635417,-4.465192],[-78.633815,-4.474939],[-78.637302,-4.478014],[-78.637249,-4.480782],[-78.638767,-4.483469],[-78.638857,-4.486225],[-78.637392,-4.489685],[-78.638881,-4.49209],[-78.638874,-4.496221],[-78.638048,-4.497694],[-78.635676,-4.499252],[-78.634886,-4.501354],[-78.640164,-4.504193],[-78.643891,-4.507522],[-78.647006,-4.508406],[-78.650905,-4.516967],[-78.654609,-4.522079],[-78.660674,-4.527735],[-78.661521,-4.530074],[-78.663078,-4.538425],[-78.662053,-4.540575],[-78.660696,-4.54151],[-78.660692,-4.542863],[-78.659944,-4.542861],[-78.659088,-4.549351],[-78.66074,-4.552979],[-78.658544,-4.555923],[-78.656884,-4.560197],[-78.656569,-4.564497],[-78.657593,-4.565847],[-78.662395,-4.568299],[-78.662871,-4.570784],[-78.660574,-4.579472],[-78.659762,-4.579709],[-78.659758,-4.581096],[-78.658134,-4.581904],[-78.658128,-4.583531],[-78.657318,-4.583529],[-78.657309,-4.586169],[-78.660401,-4.585928],[-78.661872,-4.586663],[-78.662487,-4.590278],[-78.667387,-4.593579],[-78.671286,-4.593893],[-78.674774,-4.592225],[-78.677829,-4.592958],[-78.68032,-4.595053],[-78.682395,-4.600512],[-78.684016,-4.6007],[-78.684014,-4.601396],[-78.688062,-4.603154],[-78.696059,-4.6094],[-78.704371,-4.617551],[-78.706295,-4.624296],[-78.714336,-4.628286],[-78.718549,-4.62814],[-78.721966,-4.625682],[-78.724448,-4.626517],[-78.728761,-4.625061],[-78.734883,-4.625218],[-78.739299,-4.629051],[-78.748776,-4.631796],[-78.753689,-4.630873],[-78.757162,-4.628878],[-78.762536,-4.628917],[-78.765646,-4.630591],[-78.769503,-4.64006],[-78.77136,-4.641309],[-78.775132,-4.642132],[-78.781325,-4.640614],[-78.784104,-4.638758],[-78.786901,-4.640096],[-78.795903,-4.639726],[-78.799068,-4.638988],[-78.802685,-4.636746],[-78.803947,-4.636851],[-78.809524,-4.642013],[-78.812472,-4.642294],[-78.815234,-4.641345],[-78.820683,-4.646855],[-78.823028,-4.647644],[-78.825495,-4.64724],[-78.830076,-4.649374],[-78.831797,-4.648988],[-78.836105,-4.652258],[-78.840932,-4.653629],[-78.850274,-4.665321],[-78.855309,-4.666678],[-78.856593,-4.671339],[-78.861042,-4.674189],[-78.863587,-4.680138],[-78.864526,-4.684845],[-78.863288,-4.687168],[-78.863419,-4.690955],[-78.869459,-4.697626],[-78.870272,-4.700683],[-78.874913,-4.704376],[-78.880638,-4.707151],[-78.883069,-4.712371],[-78.888793,-4.715845],[-78.891035,-4.720521],[-78.890668,-4.724706],[-78.89154,-4.729303],[-78.889293,-4.731311],[-78.889982,-4.733529],[-78.888938,-4.738067],[-78.889438,-4.745983],[-78.888578,-4.751368],[-78.888851,-4.754414],[-78.891042,-4.756862],[-78.888757,-4.761338],[-78.889279,-4.763432],[-78.893478,-4.767862],[-78.894118,-4.77143],[-78.895052,-4.772106],[-78.897771,-4.773399],[-78.902121,-4.77257],[-78.910246,-4.779393],[-78.91487,-4.780509],[-78.912279,-4.791117],[-78.90349,-4.794707],[-78.900692,-4.799871],[-78.893857,-4.804464],[-78.891559,-4.808287],[-78.896097,-4.812023],[-78.89581,-4.816477],[-78.897747,-4.822751],[-78.897222,-4.828716],[-78.898492,-4.832604],[-78.900568,-4.834326],[-78.903448,-4.839408],[-78.905146,-4.840222],[-78.908312,-4.840192],[-78.911589,-4.842562],[-78.911202,-4.843791],[-78.912161,-4.845592],[-78.912447,-4.849371],[-78.911157,-4.855895],[-78.908856,-4.857809],[-78.907362,-4.862087],[-78.903358,-4.864076],[-78.901769,-4.866344],[-78.88985,-4.872556],[-78.890316,-4.881572],[-78.892199,-4.887227],[-78.902121,-4.887935],[-78.910511,-4.890994],[-78.915214,-4.891405],[-78.918381,-4.892563],[-78.934027,-4.89335],[-78.935709,-4.894937],[-78.937998,-4.895131],[-78.940867,-4.8967],[-78.943927,-4.896696],[-78.945541,-4.898012],[-78.954921,-4.893105],[-78.956863,-4.89422],[-78.96013,-4.893623],[-78.965388,-4.894421],[-78.968903,-4.893123],[-78.972059,-4.894323],[-78.973021,-4.895978],[-78.974353,-4.896409],[-78.975271,-4.898674],[-78.974802,-4.900092],[-78.976929,-4.902304],[-78.976658,-4.90509],[-78.977894,-4.907652],[-78.978613,-4.913851],[-78.98128,-4.920749],[-78.981317,-4.925149],[-78.982469,-4.925974],[-78.982862,-4.928328],[-78.986031,-4.934918],[-78.984422,-4.938437],[-78.985152,-4.940016],[-78.984121,-4.942386],[-78.984736,-4.943583],[-78.987047,-4.94479],[-78.986774,-4.94901],[-78.987875,-4.95312],[-78.991966,-4.956036],[-78.993491,-4.959078],[-78.993476,-4.961321],[-78.991035,-4.963011],[-78.99177,-4.964588],[-78.991311,-4.965857],[-78.992996,-4.966508],[-78.993704,-4.969915],[-78.995519,-4.971279],[-78.995457,-4.973544],[-78.996892,-4.975445],[-78.99802,-4.975687],[-78.998635,-4.977893],[-78.999708,-4.978368],[-79.001757,-4.98258],[-79.004156,-4.984106],[-79.003985,-4.985352],[-79.005122,-4.986443],[-79.00509,-4.991427],[-79.003801,-4.992521],[-79.00382,-4.993711],[-79.005454,-4.995232],[-79.005754,-4.997548],[-79.008398,-4.999351],[-79.009003,-5.004467],[-79.010406,-5.005572],[-79.011895,-5.01143],[-79.014828,-5.015068],[-79.015496,-5.01507],[-79.016347,-5.01303],[-79.01817,-5.012525],[-79.021495,-5.013025],[-79.026019,-5.015102],[-79.031703,-5.013226],[-79.034695,-5.013261],[-79.041768,-5.004696],[-79.04792,-5.000407],[-79.051151,-4.990888],[-79.054759,-4.98916],[-79.055714,-4.987444],[-79.061021,-4.986055],[-79.067792,-4.990311],[-79.070777,-4.990211],[-79.07178,-4.987564],[-79.071819,-4.984334],[-79.070778,-4.981409],[-79.071133,-4.979038],[-79.073746,-4.97093],[-79.075888,-4.969782],[-79.079149,-4.970323],[-79.084551,-4.97303],[-79.086519,-4.972106],[-79.0897,-4.972033],[-79.096632,-4.973173],[-79.099454,-4.974999],[-79.100485,-4.978242],[-79.102032,-4.97793],[-79.103305,-4.975347],[-79.104458,-4.975547],[-79.104265,-4.977404],[-79.108218,-4.975992],[-79.109222,-4.978691],[-79.114425,-4.976428],[-79.115658,-4.977861],[-79.123195,-4.974941],[-79.12546,-4.975602],[-79.126353,-4.973835],[-79.128414,-4.972453],[-79.131774,-4.972207],[-79.135633,-4.97023],[-79.138034,-4.968519],[-79.138633,-4.966456],[-79.141395,-4.96634],[-79.142201,-4.964451],[-79.144362,-4.96471],[-79.145859,-4.966103],[-79.146711,-4.964587],[-79.150915,-4.963278],[-79.151736,-4.964634],[-79.152861,-4.964683],[-79.15454,-4.962588],[-79.157809,-4.964638],[-79.160231,-4.963722],[-79.163423,-4.964754],[-79.166232,-4.963722],[-79.167764,-4.964736],[-79.167952,-4.966351],[-79.17002,-4.965097],[-79.170011,-4.961801],[-79.171981,-4.963099],[-79.172746,-4.962034],[-79.174798,-4.961853],[-79.175516,-4.961876],[-79.175906,-4.963202],[-79.177533,-4.962985],[-79.17656,-4.960992],[-79.177254,-4.959611],[-79.178766,-4.960833],[-79.180039,-4.960252],[-79.18217,-4.961374],[-79.185235,-4.961062],[-79.189122,-4.96293],[-79.191559,-4.962662],[-79.196981,-4.964115],[-79.198699,-4.963713],[-79.202186,-4.964514],[-79.208851,-4.962453],[-79.212516,-4.967052],[-79.217441,-4.96621],[-79.219293,-4.964251],[-79.222658,-4.964001],[-79.225235,-4.96471],[-79.227487,-4.964243],[-79.24364,-4.965536],[-79.246283,-4.965112],[-79.247169,-4.966044],[-79.261044,-4.967927],[-79.265557,-4.966881],[-79.269036,-4.963584],[-79.273447,-4.956546],[-79.274714,-4.95576],[-79.274804,-4.954338],[-79.279187,-4.950046],[-79.281346,-4.949488],[-79.281852,-4.947708],[-79.283481,-4.947257],[-79.285912,-4.942938],[-79.288057,-4.942762],[-79.289365,-4.939336],[-79.290774,-4.938683],[-79.291542,-4.931111],[-79.292808,-4.930047],[-79.294975,-4.929764],[-79.295457,-4.92652],[-79.296785,-4.9259],[-79.299625,-4.921245],[-79.3015,-4.913734],[-79.300072,-4.911621],[-79.301036,-4.909099],[-79.305847,-4.902826],[-79.306266,-4.898505],[-79.308121,-4.897317],[-79.310628,-4.897401],[-79.311636,-4.900759],[-79.314331,-4.900362],[-79.316125,-4.901051],[-79.317314,-4.8998],[-79.320151,-4.900645],[-79.32281,-4.895741],[-79.325629,-4.893721],[-79.32943,-4.893336],[-79.329676,-4.891983],[-79.331165,-4.891415],[-79.332562,-4.887917],[-79.331751,-4.885689],[-79.333036,-4.885132],[-79.333989,-4.883488],[-79.334711,-4.883667],[-79.335167,-4.885258],[-79.337981,-4.884799],[-79.338639,-4.886855],[-79.343498,-4.886608],[-79.345016,-4.885313],[-79.345989,-4.885555],[-79.346067,-4.88432],[-79.351873,-4.8805],[-79.351728,-4.878668],[-79.353105,-4.875636],[-79.352232,-4.87478],[-79.352656,-4.872967],[-79.355969,-4.866668],[-79.355436,-4.864407],[-79.356695,-4.863695],[-79.358531,-4.860258],[-79.360461,-4.855316],[-79.360396,-4.853039],[-79.361548,-4.852033],[-79.361252,-4.843949],[-79.363387,-4.842631],[-79.36516,-4.839778],[-79.365642,-4.837174],[-79.368249,-4.834509],[-79.374051,-4.831767],[-79.383281,-4.831522],[-79.384863,-4.832527],[-79.387263,-4.832064],[-79.391061,-4.833229],[-79.394124,-4.832579],[-79.395517,-4.831243],[-79.396439,-4.825127],[-79.427868,-4.746667],[-79.424167,-4.746667],[-79.424167,-4.745833],[-79.423333,-4.745833],[-79.423333,-4.741667],[-79.421667,-4.741667],[-79.421667,-4.738333],[-79.420833,-4.738333],[-79.42,-4.735],[-79.418333,-4.734167],[-79.418333,-4.7325],[-79.4175,-4.7325],[-79.4175,-4.729167],[-79.418333,-4.729167],[-79.418333,-4.728333],[-79.4175,-4.728333],[-79.4175,-4.724167],[-79.415833,-4.724167],[-79.415833,-4.723333],[-79.414167,-4.7225],[-79.414167,-4.72],[-79.4125,-4.72],[-79.4125,-4.720833],[-79.409167,-4.720833],[-79.409167,-4.72],[-79.4075,-4.72],[-79.4075,-4.720833],[-79.405,-4.720833],[-79.405,-4.721667],[-79.401667,-4.721667],[-79.400833,-4.72],[-79.399167,-4.72],[-79.399167,-4.718333],[-79.398333,-4.718333],[-79.398333,-4.7175],[-79.399167,-4.7175],[-79.399167,-4.708333],[-79.4,-4.708333],[-79.4,-4.7075],[-79.398333,-4.7075],[-79.398333,-4.706667],[-79.3975,-4.706667],[-79.3975,-4.705],[-79.396667,-4.705],[-79.396667,-4.7],[-79.395833,-4.7],[-79.395833,-4.6975],[-79.394167,-4.6975],[-79.394167,-4.695],[-79.393333,-4.695],[-79.393333,-4.691667],[-79.395,-4.690833],[-79.395,-4.688333],[-79.395833,-4.688333],[-79.395833,-4.683333],[-79.394167,-4.683333],[-79.394167,-4.678333],[-79.393333,-4.678333],[-79.393333,-4.676667],[-79.3925,-4.676667],[-79.391667,-4.675],[-79.39,-4.674167],[-79.39,-4.670833],[-79.389167,-4.670833],[-79.389167,-4.67],[-79.3875,-4.67],[-79.3875,-4.669167],[-79.385833,-4.669167],[-79.385833,-4.668333],[-79.384167,-4.668333],[-79.384167,-4.6675],[-79.3825,-4.666667],[-79.3825,-4.665],[-79.381667,-4.665],[-79.381667,-4.663333],[-79.380833,-4.663333],[-79.38,-4.6575],[-79.3775,-4.6575],[-79.375833,-4.654167],[-79.369167,-4.654167],[-79.369167,-4.6525],[-79.365,-4.6525],[-79.364167,-4.650833],[-79.359167,-4.65],[-79.359167,-4.6475],[-79.358333,-4.6475],[-79.358333,-4.646667],[-79.3575,-4.646667],[-79.3575,-4.645],[-79.356667,-4.645],[-79.355833,-4.64],[-79.354167,-4.639167],[-79.354167,-4.6375],[-79.353333,-4.6375],[-79.353333,-4.634167],[-79.354167,-4.634167],[-79.354167,-4.631667],[-79.353333,-4.631667],[-79.353333,-4.629167],[-79.3525,-4.629167],[-79.353333,-4.625],[-79.351667,-4.624167],[-79.351667,-4.623333],[-79.349167,-4.623333],[-79.349167,-4.6225],[-79.3475,-4.6225],[-79.3475,-4.621667],[-79.345833,-4.621667],[-79.345,-4.618333],[-79.344167,-4.618333],[-79.344167,-4.6175],[-79.3425,-4.6175],[-79.3425,-4.616667],[-79.340833,-4.616667],[-79.339167,-4.614167],[-79.338333,-4.614167],[-79.338333,-4.6125],[-79.3375,-4.6125],[-79.336667,-4.609167],[-79.335,-4.608333],[-79.335,-4.606667],[-79.334167,-4.606667],[-79.334167,-4.605833],[-79.3325,-4.605833],[-79.3325,-4.601667],[-79.331667,-4.601667],[-79.331667,-4.6],[-79.330833,-4.6],[-79.330833,-4.598333],[-79.33,-4.598333],[-79.33,-4.595833],[-79.330833,-4.595833],[-79.330833,-4.585833],[-79.328333,-4.584167],[-79.328333,-4.579167],[-79.3275,-4.579167],[-79.3275,-4.5775],[-79.326667,-4.5775],[-79.326667,-4.576667],[-79.3275,-4.576667],[-79.3275,-4.575],[-79.328333,-4.575],[-79.328333,-4.566667],[-79.33,-4.565833],[-79.33,-4.565],[-79.3325,-4.565],[-79.3325,-4.5625],[-79.333333,-4.5625],[-79.3325,-4.558333],[-79.334167,-4.5575],[-79.334167,-4.555833],[-79.335,-4.555833],[-79.335,-4.554167],[-79.334167,-4.554167],[-79.334167,-4.553333],[-79.335,-4.553333],[-79.335,-4.548333],[-79.336667,-4.548333],[-79.336667,-4.545833],[-79.335,-4.545],[-79.335,-4.5425],[-79.334167,-4.5425],[-79.334167,-4.541667],[-79.333333,-4.541667],[-79.333333,-4.540833],[-79.331667,-4.540833],[-79.331667,-4.538333],[-79.33,-4.5375],[-79.33,-4.535],[-79.328333,-4.534167],[-79.3275,-4.53],[-79.326667,-4.53],[-79.326667,-4.526667],[-79.3275,-4.526667],[-79.326667,-4.509167],[-79.325833,-4.509167],[-79.325833,-4.508333],[-79.3225,-4.508333],[-79.3225,-4.509167],[-79.321667,-4.509167],[-79.321667,-4.508333],[-79.319167,-4.508333],[-79.319167,-4.5075],[-79.318333,-4.5075],[-79.318333,-4.508333],[-79.316667,-4.508333],[-79.316667,-4.509167],[-79.315,-4.509167],[-79.315,-4.51],[-79.314167,-4.51],[-79.314167,-4.5075],[-79.313333,-4.5075],[-79.313333,-4.506667],[-79.311667,-4.506667],[-79.311667,-4.505],[-79.310833,-4.505],[-79.310833,-4.504167],[-79.308333,-4.5025],[-79.3075,-4.500833],[-79.305,-4.500833],[-79.305,-4.5],[-79.303333,-4.5],[-79.303333,-4.499167],[-79.3025,-4.499167],[-79.3025,-4.495833],[-79.303333,-4.495833],[-79.303333,-4.494167],[-79.3,-4.494167],[-79.3,-4.493333],[-79.298333,-4.493333],[-79.298333,-4.4925],[-79.295833,-4.4925],[-79.295,-4.4875],[-79.294167,-4.4875],[-79.294167,-4.485833],[-79.293333,-4.485833],[-79.293333,-4.484167],[-79.2925,-4.484167],[-79.2925,-4.481667],[-79.291667,-4.481667],[-79.291667,-4.48],[-79.290833,-4.48],[-79.290833,-4.476667],[-79.29,-4.476667],[-79.29,-4.475833],[-79.288333,-4.475833],[-79.2875,-4.4775],[-79.285,-4.4775],[-79.284167,-4.475833],[-79.283333,-4.475833],[-79.283333,-4.475],[-79.281667,-4.475],[-79.281667,-4.473333],[-79.28,-4.473333],[-79.28,-4.4725],[-79.278333,-4.4725],[-79.278333,-4.473333],[-79.2725,-4.473333],[-79.2725,-4.4725],[-79.271667,-4.4725],[-79.271667,-4.473333],[-79.270833,-4.473333],[-79.27,-4.4775],[-79.269167,-4.4775],[-79.269167,-4.48],[-79.2675,-4.48],[-79.2675,-4.4825],[-79.265833,-4.483333],[-79.265833,-4.485],[-79.265,-4.485],[-79.265,-4.485833],[-79.263333,-4.485833],[-79.2625,-4.4875],[-79.258333,-4.4875],[-79.258333,-4.485833],[-79.2575,-4.485833],[-79.256667,-4.484167],[-79.255,-4.484167],[-79.255,-4.483333],[-79.246667,-4.4825],[-79.246667,-4.483333],[-79.245,-4.483333],[-79.245,-4.484167],[-79.243333,-4.484167],[-79.243333,-4.485],[-79.240833,-4.485],[-79.24,-4.486667],[-79.2375,-4.486667],[-79.235833,-4.489167],[-79.234167,-4.489167],[-79.234167,-4.49],[-79.23,-4.49],[-79.23,-4.490833],[-79.228333,-4.49],[-79.228333,-4.491667],[-79.225,-4.491667],[-79.225,-4.4925],[-79.221667,-4.493333],[-79.221667,-4.494167],[-79.219167,-4.495833],[-79.219167,-4.4975],[-79.22,-4.4975],[-79.22,-4.501667],[-79.219167,-4.501667],[-79.219167,-4.505],[-79.216667,-4.505],[-79.216667,-4.5075],[-79.214167,-4.5075],[-79.214167,-4.508333],[-79.2125,-4.508333],[-79.2125,-4.509167],[-79.210833,-4.509167],[-79.210833,-4.51],[-79.208333,-4.51],[-79.208333,-4.506667],[-79.2075,-4.506667],[-79.2075,-4.505833],[-79.205,-4.505833],[-79.205,-4.503333],[-79.2025,-4.501667],[-79.203333,-4.493333],[-79.201667,-4.493333],[-79.201667,-4.494167],[-79.200833,-4.494167],[-79.200833,-4.493333],[-79.199167,-4.493333],[-79.199167,-4.491667],[-79.198333,-4.491667],[-79.198333,-4.489167],[-79.199167,-4.489167],[-79.199167,-4.4875],[-79.2,-4.4875],[-79.2,-4.485],[-79.198333,-4.484167],[-79.198333,-4.4825],[-79.196667,-4.481667],[-79.196667,-4.480833],[-79.195,-4.480833],[-79.195,-4.479167],[-79.193333,-4.478333],[-79.193333,-4.476667],[-79.190833,-4.476667],[-79.19,-4.475],[-79.188333,-4.474167],[-79.188333,-4.475],[-79.185833,-4.475],[-79.185833,-4.4775],[-79.18,-4.478333],[-79.18,-4.4775],[-79.178333,-4.4775],[-79.178333,-4.476667],[-79.1775,-4.476667],[-79.1775,-4.475],[-79.176667,-4.475],[-79.176667,-4.474167],[-79.173333,-4.474167],[-79.173333,-4.473333],[-79.17,-4.473333],[-79.17,-4.475],[-79.166667,-4.475833],[-79.166667,-4.471667],[-79.165,-4.471667],[-79.165,-4.468333],[-79.163333,-4.4675],[-79.163333,-4.464167],[-79.1625,-4.464167],[-79.1625,-4.4625],[-79.160833,-4.461667],[-79.160833,-4.460833],[-79.16,-4.460833],[-79.16,-4.453333],[-79.158333,-4.4525],[-79.158333,-4.45],[-79.1575,-4.45],[-79.1575,-4.450833],[-79.155,-4.450833],[-79.154167,-4.449167],[-79.148333,-4.449167],[-79.148333,-4.448333],[-79.146667,-4.448333],[-79.146667,-4.446667],[-79.145,-4.446667],[-79.145,-4.444167],[-79.144167,-4.444167],[-79.144167,-4.443333],[-79.145,-4.443333],[-79.145,-4.439167],[-79.144167,-4.439167],[-79.144167,-4.4375],[-79.143333,-4.4375],[-79.143333,-4.435833],[-79.1425,-4.435833],[-79.141667,-4.431667],[-79.139167,-4.431667],[-79.139167,-4.430833],[-79.136667,-4.430833],[-79.136667,-4.43],[-79.133333,-4.43],[-79.131667,-4.4275],[-79.129167,-4.4275],[-79.128333,-4.425833],[-79.118333,-4.425833],[-79.118333,-4.423333],[-79.1175,-4.423333],[-79.1175,-4.418333],[-79.116667,-4.418333],[-79.116667,-4.414167],[-79.115833,-4.414167],[-79.115833,-4.4125],[-79.115,-4.4125],[-79.115,-4.410833],[-79.114167,-4.410833],[-79.114167,-4.409167],[-79.1125,-4.409167],[-79.1125,-4.408333],[-79.111667,-4.408333],[-79.110833,-4.404167],[-79.11,-4.404167],[-79.11,-4.403333],[-79.110833,-4.403333],[-79.110833,-4.399167],[-79.111667,-4.399167],[-79.1125,-4.393333],[-79.113333,-4.393333],[-79.113333,-4.391667],[-79.115,-4.391667],[-79.115,-4.39],[-79.114167,-4.39]]]}}
